{"stats":{"minecraft:custom":{"minecraft:time_since_rest":4520,"minecraft:sprint_one_cm":68150,"minecraft:damage_taken":640,"minecraft:walk_one_cm":69877,"minecraft:mob_kills":2,"minecraft:damage_dealt":380,"minecraft:traded_with_villager":9,"minecraft:talked_to_villager":5,"minecraft:swim_one_cm":477,"minecraft:interact_with_crafting_table":3,"minecraft:fly_one_cm":53136,"minecraft:open_chest":6,"minecraft:crouch_one_cm":2360,"minecraft:play_time":25441,"minecraft:deaths":2,"minecraft:sneak_time":697,"minecraft:walk_under_water_one_cm":102,"minecraft:jump":390,"minecraft:time_since_death":10033,"minecraft:walk_on_water_one_cm":616,"minecraft:sleep_in_bed":3,"minecraft:climb_one_cm":154,"minecraft:total_world_time":25441,"minecraft:fall_one_cm":9823},"minecraft:killed_by":{"born_in_chaos_v1:corpse_fly":1},"minecraft:mined":{"luminousworld:groundpebbles_1":1,"minecraft:white_bed":2,"born_in_chaos_v1:marigolds":1,"ecologics:seashell":1,"minecraft:iron_ore":2,"minecraft:spruce_log":7,"minecraft:carved_pumpkin":1,"minecraft:grass":2,"minecraft:coal_ore":11,"supplementaries:wild_flax":2,"luminousworld:decorative_brown_mushroom_1":1,"minecraft:spruce_leaves":6,"minecraft:stone":19,"minecraft:oak_leaves":2,"minecraft:fern":2},"minecraft:crafted":{"minecraft:emerald":4,"minecraft:crafting_table":3,"minecraft:spruce_planks":100,"minecraft:stick":156,"minecraft:wooden_pickaxe":1,"minecraft:stone_pickaxe":1,"minecraft:white_bed":1,"minecraft:stone_axe":1,"minecraft:bread":30,"minecraft:air":0},"minecraft:used":{"ecologics:crab_claw":5,"minecraft:carved_pumpkin":1,"minecraft:stone_pickaxe":21,"minecraft:bread":1,"luminousworld:blackberry":2,"minecraft:spruce_trapdoor":1,"minecraft:wooden_pickaxe":13,"born_in_chaos_v1:marigolds":1,"luminousworld:groundpebbles_1":1,"minecraft:grass":2,"minecraft:rotten_flesh":1,"minecraft:spruce_leaves":3,"minecraft:sweet_berries":2,"supplementaries:ash":1,"minecraft:crafting_table":3,"minecraft:white_bed":2,"luminousworld:decorative_brown_mushroom_1":1},"minecraft:killed":{"born_in_chaos_v1:corpse_fly":2},"minecraft:picked_up":{"minecraft:spruce_leaves":3,"born_in_chaos_v1:corpse_maggot":2,"luminousworld:groundpebbles_1":1,"minecraft:raw_iron":2,"luminousworld:blackberry":4,"minecraft:sweet_berries":2,"minecraft:leather":1,"ecologics:seashell":1,"supplementaries:flax_seeds":2,"minecraft:white_bed":2,"minecraft:spruce_log":10,"minecraft:dirt":16,"born_in_chaos_v1:marigolds":1,"luminousworld:decorative_brown_mushroom_1":1,"minecraft:pumpkin_seeds":3,"minecraft:rotten_flesh":1,"minecraft:beef":2,"minecraft:carved_pumpkin":1,"minecraft:grass":2,"supplementaries:ash":1,"minecraft:coal":11,"minecraft:cobblestone":19,"minecraft:spruce_trapdoor":2,"minecraft:white_wool":4,"ecologics:crab_claw":1}},"DataVersion":3465}