{"stats":{"minecraft:crafted":{"minecraft:cooked_beef":4,"minecraft:saddle":1,"minecraft:crafting_table":1,"ecologics:coconut_planks":20,"minecraft:iron_sword":1,"minecraft:furnace":1,"minecraft:stone_axe":1,"minecraft:air":0,"minecraft:string":4,"minecraft:black_bed":1,"minecraft:torch":8,"minecraft:shears":1},"minecraft:used":{"minecraft:leather_chestplate":1,"minecraft:iron_sword":45,"ecologics:coconut_planks":8,"minecraft:torch":6,"minecraft:dirt":2,"minecraft:crafting_table":2,"minecraft:mushroom_stew":1,"ecologics:seashell":1,"minecraft:white_bed":1,"minecraft:black_bed":2,"minecraft:cake":1,"minecraft:apple":3,"minecraft:bread":2,"minecraft:iron_pickaxe":51,"minecraft:stone_bricks":1,"minecraft:stone_axe":16,"minecraft:furnace":1,"tombstone:gift":4,"minecraft:skeleton_skull":1,"minecraft:cooked_beef":2,"minecraft:iron_leggings":1,"minecraft:brown_bed":2,"minecraft:experience_bottle":2},"minecraft:dropped":{"ecologics:coconut_planks":8,"minecraft:bowl":1,"minecraft:rotten_flesh":5,"minecraft:leather":1,"minecraft:stone":1,"minecraft:leather_leggings":1,"ecologics:seashell":1,"minecraft:white_wool":4},"minecraft:killed_by":{"minecraft:zombie":1,"iceandfire:ghost":3,"minecraft:drowned":1},"minecraft:killed":{"enemyexpansion:direwolf":1,"born_in_chaos_v1:decrepit_skeleton":1,"minecraft:horse":4,"minecraft:zombie":1,"minecraft:cow":4},"minecraft:picked_up":{"luminousworld:groundpebbles_1":5,"minecraft:crafting_table":1,"born_in_chaos_v1:river_mint":2,"minecraft:andesite":4,"ecologics:coconut_planks":3,"minecraft:black_bed":2,"minecraft:leather":6,"ecologics:seashell":2,"minecraft:brown_bed":2,"minecraft:dirt":25,"minecraft:raw_copper":7,"minecraft:bone":2,"minecraft:stone_bricks":1,"minecraft:beef":7,"minecraft:sugar_cane":3,"minecraft:stone":1,"ecologics:coconut_slice":4,"minecraft:torch":2,"minecraft:sand":6,"tombstone:grave_dust":3,"minecraft:white_bed":1,"minecraft:rotten_flesh":5,"minecraft:hay_block":6,"ecologics:coconut_log":5,"minecraft:coal":10,"minecraft:black_wool":3,"undead_revamp2:arapholia":2,"minecraft:skeleton_skull":2,"minecraft:white_wool":5,"minecraft:cobblestone":30},"minecraft:custom":{"minecraft:interact_with_furnace":8,"minecraft:mob_kills":11,"minecraft:tune_noteblock":24,"minecraft:interact_with_crafting_table":8,"minecraft:open_barrel":5,"minecraft:time_since_death":12083,"minecraft:sleep_in_bed":3,"minecraft:climb_one_cm":6599,"minecraft:time_since_rest":11814,"minecraft:sprint_one_cm":120421,"minecraft:damage_taken":2562,"minecraft:walk_one_cm":166263,"minecraft:trigger_trapped_chest":1,"minecraft:drop":18,"minecraft:damage_dealt":3057,"minecraft:swim_one_cm":13186,"minecraft:talked_to_villager":2,"minecraft:fly_one_cm":212962,"minecraft:open_chest":10,"minecraft:crouch_one_cm":6849,"minecraft:play_time":52218,"tombstone:undead_killed":2,"minecraft:deaths":9,"minecraft:sneak_time":2570,"minecraft:walk_under_water_one_cm":7322,"minecraft:jump":933,"minecraft:interact_with_blast_furnace":2,"minecraft:walk_on_water_one_cm":12298,"minecraft:total_world_time":52218,"minecraft:fall_one_cm":23979,"minecraft:horse_one_cm":33310},"minecraft:mined":{"undead_revamp2:arapholia":2,"minecraft:crafting_table":1,"minecraft:torch":2,"minecraft:grass_block":9,"luminousworld:grassvariant_2":1,"luminousworld:grassflowers":1,"minecraft:tall_grass":1,"minecraft:copper_ore":2,"ecologics:coconut_log":5,"minecraft:sugar_cane":1,"minecraft:wall_torch":1,"minecraft:hay_block":6,"luminousworld:sunset_petunias":1,"minecraft:fire":1,"minecraft:andesite":4,"minecraft:black_bed":2,"minecraft:brown_bed":2,"minecraft:grass":22,"minecraft:coal_ore":10,"minecraft:skeleton_wall_skull":2,"minecraft:sand":8,"minecraft:dirt":17,"luminousworld:grassvariant_3":3,"minecraft:stone_bricks":2,"minecraft:stone":30}},"DataVersion":3465}