{"stats":{"minecraft:crafted":{"minecraft:saddle":1,"minecraft:oak_planks":12,"ecologics:coconut_planks":20,"minecraft:furnace":1,"minecraft:bone_meal":6,"ecologics:tropical_stew":1,"ecologics:crab_meat":1,"minecraft:wheat":171,"minecraft:cooked_beef":4,"minecraft:emerald":1,"minecraft:crafting_table":3,"minecraft:iron_sword":1,"minecraft:campfire":1,"minecraft:stone_axe":1,"minecraft:bread":58,"minecraft:air":0,"minecraft:string":4,"minecraft:stick":8,"minecraft:black_bed":1,"minecraft:torch":8,"minecraft:shears":1},"minecraft:used":{"minecraft:iron_shovel":13,"minecraft:stone":1,"minecraft:iron_sword":172,"ecologics:coconut_planks":8,"minecraft:iron_chestplate":1,"minecraft:torch":8,"minecraft:dirt":15,"minecraft:carrot":11,"ecologics:seashell":1,"minecraft:acacia_sapling":4,"minecraft:lantern":2,"minecraft:iron_helmet":2,"minecraft:stone_bricks":1,"minecraft:bamboo":1,"minecraft:furnace":1,"tombstone:gift":5,"minecraft:skeleton_skull":1,"minecraft:cooked_beef":4,"minecraft:brown_bed":2,"minecraft:iron_leggings":1,"minecraft:diamond_boots":1,"minecraft:leather_chestplate":1,"minecraft:sugar_cane":3,"minecraft:sand":1,"minecraft:crafting_table":4,"minecraft:mushroom_stew":1,"minecraft:white_bed":3,"minecraft:campfire":1,"minecraft:black_bed":2,"minecraft:shears":2,"minecraft:cake":1,"minecraft:apple":3,"ecologics:tropical_stew":1,"minecraft:chicken":1,"minecraft:bread":23,"minecraft:iron_pickaxe":65,"minecraft:leather_helmet":1,"minecraft:stone_axe":21,"ecologics:coconut_slice":4,"enemyexpansion:horsehead_helmet":1,"minecraft:dandelion":4,"minecraft:bone_meal":6,"minecraft:experience_bottle":2},"minecraft:dropped":{"minecraft:enchanted_book":1,"minecraft:iron_sword":1,"minecraft:wheat_seeds":46,"minecraft:leather":1,"minecraft:honeycomb":1,"minecraft:leather_helmet":1,"minecraft:oxeye_daisy":1,"iceandfire:sea_serpent_scales_red":4,"minecraft:sand":6,"minecraft:paper":1,"minecraft:string":3,"minecraft:white_wool":4,"minecraft:bone":1,"minecraft:stone_axe":1,"ecologics:coconut_planks":8,"minecraft:bowl":1,"minecraft:wheat":14,"minecraft:rotten_flesh":9,"luminousworld:yellow_grassflowers":1,"minecraft:leather_chestplate":1,"minecraft:stone":1,"luminousworld:groundpebbles_1":1,"minecraft:oak_sapling":2,"minecraft:acacia_sapling":1,"iceandfire:bestiary":1,"minecraft:leather_leggings":1,"minecraft:slime_ball":1,"ecologics:seashell":1},"minecraft:killed_by":{"minecraft:drowned":1,"iceandfire:sea_serpent":2,"iceandfire:ice_dragon":5,"minecraft:zombie":1,"iceandfire:ghost":3},"minecraft:killed":{"undead_revamp2:theimmortal":3,"luminousworld:sunken_skeleton":1,"enemyexpansion:direwolf":1,"minecraft:horse":4,"ecologics:coconut_crab":1,"born_in_chaos_v1:decrepit_skeleton":1,"luminousworld:crab":2,"minecraft:pillager":1,"minecraft:zombie":3,"enemyexpansion:botfly":3,"takesapillage:archer":1,"minecraft:cow":4},"minecraft:picked_up":{"luminousworld:groundpebbles_1":6,"minecraft:crafting_table":1,"minecraft:wheat":17,"minecraft:chicken":1,"born_in_chaos_v1:river_mint":2,"ecologics:seashell":2,"minecraft:brown_bed":2,"minecraft:enchanted_book":2,"minecraft:string":3,"minecraft:raw_copper":7,"minecraft:iron_shovel":1,"iceandfire:bestiary":3,"minecraft:beef":7,"minecraft:sugar_cane":3,"minecraft:coal_block":7,"ecologics:crab_claw":1,"minecraft:stick":4,"minecraft:stone":1,"ecologics:coconut_slice":42,"minecraft:torch":4,"tombstone:grave_dust":5,"minecraft:carrot":12,"minecraft:stone_sword":1,"minecraft:rotten_flesh":9,"luminousworld:yellow_grassflowers":1,"minecraft:hay_block":19,"ecologics:coconut_log":5,"minecraft:cobblestone":34,"undead_revamp2:arapholia":2,"minecraft:skeleton_skull":2,"minecraft:white_wool":5,"minecraft:oxeye_daisy":1,"iceandfire:sea_serpent_fang":8,"enemyexpansion:horsehead_helmet":1,"minecraft:andesite":4,"ecologics:coconut_planks":3,"minecraft:black_bed":2,"minecraft:leather":6,"minecraft:oak_log":6,"minecraft:dirt":46,"minecraft:lantern":2,"minecraft:purple_carpet":14,"minecraft:bone":3,"minecraft:stone_bricks":1,"minecraft:wheat_seeds":46,"luminousworld:white_petunias":1,"minecraft:honeycomb":3,"minecraft:dandelion":17,"minecraft:sand":7,"minecraft:white_bed":3,"alexsmobs:animal_dictionary":1,"luminousworld:yellowpetunias":1,"luminousworld:blueberry":5,"iceandfire:sea_serpent_scales_red":4,"minecraft:emerald":1,"minecraft:oak_sapling":2,"minecraft:black_wool":3,"minecraft:coal":10,"iceandfire:raw_silver":2},"minecraft:broken":{"aether:leather_gloves":1},"minecraft:custom":{"minecraft:interact_with_smithing_table":1,"minecraft:mob_kills":27,"minecraft:animals_bred":1,"minecraft:interact_with_crafting_table":12,"minecraft:open_barrel":5,"minecraft:eat_cake_slice":1,"minecraft:leave_game":1,"minecraft:time_since_death":846,"minecraft:climb_one_cm":10785,"minecraft:sprint_one_cm":515400,"minecraft:walk_one_cm":501565,"minecraft:drop":80,"minecraft:talked_to_villager":22,"minecraft:play_time":164608,"minecraft:deaths":16,"minecraft:sneak_time":5910,"minecraft:walk_under_water_one_cm":30304,"minecraft:jump":3503,"minecraft:interact_with_brewingstand":1,"minecraft:interact_with_blast_furnace":2,"minecraft:walk_on_water_one_cm":36925,"minecraft:total_world_time":164608,"minecraft:interact_with_furnace":14,"tombstone:raider_killed":2,"minecraft:traded_with_villager":1,"minecraft:tune_noteblock":24,"minecraft:sleep_in_bed":12,"minecraft:time_since_rest":196,"minecraft:damage_taken":5363,"minecraft:trigger_trapped_chest":1,"minecraft:damage_dealt":6987,"minecraft:swim_one_cm":113214,"minecraft:fly_one_cm":798461,"minecraft:open_chest":22,"minecraft:crouch_one_cm":17544,"tombstone:undead_killed":7,"minecraft:interact_with_smoker":1,"minecraft:fall_one_cm":91782,"minecraft:horse_one_cm":163212},"minecraft:mined":{"undead_revamp2:arapholia":2,"minecraft:white_bed":2,"iceandfire:silver_ore":2,"luminousworld:grassvariant_4":3,"minecraft:grass_block":19,"luminousworld:grassvariant_2":3,"minecraft:coal_block":8,"ecologics:coconut_log":5,"minecraft:hay_block":19,"luminousworld:sunset_petunias":1,"minecraft:fire":1,"minecraft:andesite":4,"minecraft:brown_bed":2,"minecraft:skeleton_wall_skull":2,"minecraft:stone":34,"minecraft:dandelion":17,"minecraft:crafting_table":1,"minecraft:torch":2,"luminousworld:grassflowers":1,"minecraft:tall_grass":10,"minecraft:copper_ore":2,"minecraft:sugar_cane":1,"minecraft:wall_torch":1,"minecraft:wheat":1,"minecraft:black_bed":2,"minecraft:grass":45,"minecraft:oak_log":6,"minecraft:coal_ore":10,"minecraft:sand":10,"minecraft:dirt":24,"luminousworld:grassvariant_3":5,"minecraft:stone_bricks":2,"minecraft:oak_leaves":15}},"DataVersion":3465}