{"stats":{"minecraft:crafted":{"minecraft:cooked_beef":4,"minecraft:saddle":1,"minecraft:crafting_table":1,"ecologics:coconut_planks":20,"minecraft:iron_sword":1,"minecraft:furnace":1,"minecraft:stone_axe":1,"minecraft:air":0,"minecraft:string":4,"minecraft:black_bed":1,"minecraft:torch":8,"minecraft:shears":1},"minecraft:used":{"minecraft:iron_sword":41,"ecologics:coconut_planks":8,"minecraft:torch":6,"minecraft:dirt":2,"minecraft:crafting_table":2,"ecologics:seashell":1,"minecraft:white_bed":1,"minecraft:black_bed":2,"minecraft:apple":3,"minecraft:bread":2,"minecraft:iron_pickaxe":41,"minecraft:stone_bricks":1,"minecraft:stone_axe":16,"minecraft:furnace":1,"tombstone:gift":4,"minecraft:skeleton_skull":1,"minecraft:cooked_beef":2,"minecraft:brown_bed":2,"minecraft:experience_bottle":2},"minecraft:dropped":{"ecologics:coconut_planks":8,"minecraft:rotten_flesh":2,"minecraft:leather":1,"minecraft:stone":1,"ecologics:seashell":1,"minecraft:white_wool":4},"minecraft:killed_by":{"minecraft:zombie":1,"iceandfire:ghost":3,"minecraft:drowned":1},"minecraft:killed":{"enemyexpansion:direwolf":1,"born_in_chaos_v1:decrepit_skeleton":1,"minecraft:horse":4,"minecraft:zombie":1,"minecraft:cow":4},"minecraft:picked_up":{"luminousworld:groundpebbles_1":5,"minecraft:crafting_table":1,"born_in_chaos_v1:river_mint":2,"minecraft:andesite":4,"ecologics:coconut_planks":3,"minecraft:black_bed":2,"minecraft:leather":6,"ecologics:seashell":2,"minecraft:brown_bed":2,"minecraft:dirt":25,"minecraft:raw_copper":7,"minecraft:bone":2,"minecraft:stone_bricks":1,"minecraft:beef":7,"minecraft:sugar_cane":3,"minecraft:stone":1,"minecraft:torch":2,"minecraft:sand":6,"tombstone:grave_dust":3,"minecraft:white_bed":1,"minecraft:rotten_flesh":5,"ecologics:coconut_log":5,"minecraft:black_wool":3,"undead_revamp2:arapholia":2,"minecraft:skeleton_skull":2,"minecraft:white_wool":5,"minecraft:cobblestone":30},"minecraft:custom":{"minecraft:interact_with_furnace":8,"minecraft:mob_kills":11,"minecraft:tune_noteblock":22,"minecraft:interact_with_crafting_table":7,"minecraft:time_since_death":83,"minecraft:sleep_in_bed":3,"minecraft:climb_one_cm":6599,"minecraft:time_since_rest":1,"minecraft:sprint_one_cm":107123,"minecraft:damage_taken":2496,"minecraft:walk_one_cm":129889,"minecraft:trigger_trapped_chest":1,"minecraft:drop":13,"minecraft:damage_dealt":2945,"minecraft:swim_one_cm":13186,"minecraft:fly_one_cm":197950,"minecraft:open_chest":10,"minecraft:crouch_one_cm":4922,"minecraft:play_time":40218,"tombstone:undead_killed":2,"minecraft:deaths":9,"minecraft:sneak_time":1924,"minecraft:walk_under_water_one_cm":4979,"minecraft:jump":852,"minecraft:walk_on_water_one_cm":10224,"minecraft:total_world_time":40218,"minecraft:fall_one_cm":21589,"minecraft:horse_one_cm":13508},"minecraft:mined":{"undead_revamp2:arapholia":2,"minecraft:crafting_table":1,"minecraft:torch":2,"minecraft:grass_block":9,"luminousworld:grassvariant_2":1,"luminousworld:grassflowers":1,"minecraft:tall_grass":1,"minecraft:copper_ore":2,"ecologics:coconut_log":5,"minecraft:sugar_cane":1,"minecraft:wall_torch":1,"luminousworld:sunset_petunias":1,"minecraft:fire":1,"minecraft:andesite":4,"minecraft:black_bed":2,"minecraft:brown_bed":2,"minecraft:grass":22,"minecraft:skeleton_wall_skull":2,"minecraft:sand":8,"minecraft:dirt":17,"luminousworld:grassvariant_3":3,"minecraft:stone_bricks":2,"minecraft:stone":30}},"DataVersion":3465}