{"stats":{"minecraft:used":{"minecraft:jack_o_lantern":1,"ecologics:crab_claw":8,"minecraft:carved_pumpkin":1,"minecraft:spruce_planks":2,"ecologics:seashell_tiles":4,"minecraft:grass":2,"minecraft:rotten_flesh":1,"minecraft:spruce_leaves":3,"minecraft:torch":8,"minecraft:dirt":16,"minecraft:carrot":4,"minecraft:granite":6,"minecraft:iron_axe":125,"minecraft:sweet_berries":2,"supplementaries:ash":1,"minecraft:furnace":1,"tombstone:gift":2,"luminousworld:decorative_brown_mushroom_1":1,"minecraft:wheat_seeds":4,"minecraft:stone_pickaxe":100,"luminousworld:blackberry":2,"minecraft:wooden_pickaxe":13,"luminousworld:groundpebbles_1":1,"luminousworld:yellow_grassflowers":1,"minecraft:cookie":1,"minecraft:crafting_table":3,"supplementaries:bomb":5,"minecraft:white_bed":4,"iceandfire:silver_axe":201,"minecraft:cake":10,"minecraft:spruce_log":1,"minecraft:apple":6,"minecraft:iron_pickaxe":210,"minecraft:suspicious_stew":2,"minecraft:bread":27,"minecraft:spruce_trapdoor":1,"minecraft:spruce_sapling":2,"born_in_chaos_v1:marigolds":1,"minecraft:stone_axe":133,"ecologics:coconut_slice":4,"minecraft:cobblestone":58,"minecraft:smithing_table":1,"minecraft:andesite":3,"alexsmobs:animal_dictionary":2,"minecraft:splash_potion":1},"minecraft:broken":{"minecraft:stone_axe":1},"minecraft:dropped":{"minecraft:bread":35,"minecraft:wheat_seeds":9,"minecraft:cobblestone":4,"minecraft:spruce_leaves":3,"tombstone:magic_scroll":1,"minecraft:sweet_berries":3,"minecraft:bowl":2,"minecraft:bow":1},"minecraft:picked_up":{"minecraft:spruce_leaves":6,"luminousworld:groundpebbles_1":1,"minecraft:wheat":4,"luminousworld:blackberry":4,"minecraft:smithing_table":1,"ecologics:seashell":6,"born_in_chaos_v1:black_argillite":2,"minecraft:string":1,"supplementaries:bomb":5,"minecraft:cobbled_deepslate":15,"minecraft:beef":2,"minecraft:sugar_cane":2,"minecraft:birch_sapling":1,"minecraft:spruce_trapdoor":2,"ecologics:crab_claw":1,"minecraft:stick":15,"minecraft:raw_iron":34,"ecologics:coconut_slice":6,"minecraft:porkchop":2,"tombstone:grave_dust":2,"minecraft:redstone":16,"luminousworld:decorative_brown_mushroom_1":1,"minecraft:arrow":1,"minecraft:rotten_flesh":7,"luminousworld:yellow_grassflowers":1,"minecraft:hay_block":1,"supplementaries:antique_ink":2,"minecraft:carved_pumpkin":1,"supplementaries:ash":5,"undead_revamp2:arapholia":1,"minecraft:cobblestone":121,"minecraft:white_wool":14,"minecraft:birch_log":6,"born_in_chaos_v1:corpse_maggot":2,"minecraft:glow_ink_sac":6,"minecraft:andesite":20,"luminousworld:ishstone":12,"minecraft:leather":1,"minecraft:oak_log":46,"supplementaries:flax_seeds":7,"ecologics:seashell_tiles":4,"minecraft:gunpowder":8,"minecraft:lapis_lazuli":13,"minecraft:dirt":18,"born_in_chaos_v1:marigolds":1,"naturalist:bass":1,"minecraft:bone":7,"minecraft:apple":4,"minecraft:kelp":16,"minecraft:wheat_seeds":14,"minecraft:iron_ingot":1,"minecraft:sweet_berries":10,"minecraft:pumpkin":49,"minecraft:spruce_sapling":15,"minecraft:white_bed":3,"minecraft:spruce_log":180,"alexsmobs:animal_dictionary":1,"minecraft:pumpkin_seeds":8,"minecraft:chainmail_leggings":1,"minecraft:granite":6,"minecraft:grass":2,"minecraft:gray_wool":1,"minecraft:emerald":3,"minecraft:bread":2,"minecraft:jack_o_lantern":1,"tombstone:magic_scroll":1,"minecraft:oak_sapling":8,"minecraft:black_wool":9,"minecraft:coal":28,"iceandfire:raw_silver":7},"minecraft:custom":{"minecraft:interact_with_smithing_table":3,"minecraft:mob_kills":19,"minecraft:animals_bred":3,"minecraft:interact_with_crafting_table":15,"minecraft:open_barrel":9,"minecraft:damage_dealt_resisted":177,"minecraft:eat_cake_slice":9,"minecraft:leave_game":6,"minecraft:time_since_death":2907,"minecraft:climb_one_cm":22951,"minecraft:sprint_one_cm":484702,"minecraft:walk_one_cm":474121,"minecraft:drop":22,"minecraft:talked_to_villager":61,"minecraft:play_time":167719,"minecraft:sneak_time":6926,"minecraft:deaths":12,"minecraft:walk_under_water_one_cm":15523,"minecraft:interact_with_brewingstand":1,"minecraft:jump":2709,"minecraft:walk_on_water_one_cm":39924,"minecraft:total_world_time":167719,"minecraft:interact_with_furnace":8,"tombstone:raider_killed":1,"minecraft:traded_with_villager":107,"minecraft:sleep_in_bed":12,"minecraft:time_since_rest":1432,"minecraft:damage_taken":6158,"minecraft:trigger_trapped_chest":3,"minecraft:damage_dealt":4199,"minecraft:swim_one_cm":21908,"minecraft:fly_one_cm":400577,"minecraft:open_chest":27,"minecraft:crouch_one_cm":20620,"tombstone:undead_killed":7,"minecraft:fall_one_cm":87559,"minecraft:horse_one_cm":1543},"minecraft:mined":{"luminousworld:groundpebbles_1":1,"minecraft:white_bed":3,"iceandfire:silver_ore":6,"ecologics:seashell_tiles":4,"luminousworld:grassvariant_4":2,"minecraft:jack_o_lantern":1,"minecraft:carved_pumpkin":1,"minecraft:granite":14,"luminousworld:mossbuds_2":1,"minecraft:grass_block":4,"born_in_chaos_v1:black_argillite":2,"luminousworld:grassvariant_2":3,"luminousworld:decorative_brown_mushroom_1":1,"minecraft:spruce_leaves":107,"minecraft:kelp":2,"minecraft:large_fern":4,"minecraft:hay_block":1,"minecraft:redstone_ore":4,"luminousworld:yellow_grassflowers":1,"minecraft:iron_ore":28,"minecraft:andesite":20,"minecraft:pumpkin":49,"minecraft:deepslate_iron_ore":6,"minecraft:vine":3,"minecraft:stone":163,"minecraft:smithing_table":1,"born_in_chaos_v1:marigolds":1,"minecraft:kelp_plant":9,"supplementaries:wild_flax":2,"minecraft:tall_grass":1,"minecraft:lapis_ore":2,"minecraft:sugar_cane":1,"supplementaries:urn":7,"ecologics:seashell":6,"minecraft:birch_log":6,"minecraft:wheat":4,"minecraft:sweet_berry_bush":2,"minecraft:spruce_log":187,"minecraft:birch_leaves":1,"minecraft:grass":16,"minecraft:oak_log":46,"minecraft:coal_ore":27,"luminousworld:ishstone":12,"minecraft:dirt":12,"luminousworld:grassvariant_3":3,"minecraft:oak_leaves":28,"minecraft:deepslate":15,"minecraft:fern":2},"minecraft:killed":{"alexsmobs:lobster":1,"minecraft:witch":1,"enemyexpansion:intruder":1,"born_in_chaos_v1:baby_skeleton_minion":2,"born_in_chaos_v1:maggot":1,"luminousworld:swamp_skeleton":1,"luminousworld:firefly":1,"born_in_chaos_v1:bonescaller":1,"undead_revamp2:theordure":1,"undead_revamp2:thesomnolence":1,"luminousworld:swamp_zombie":1,"iceandfire:ghost":1,"born_in_chaos_v1:corpse_fly":2},"minecraft:killed_by":{"born_in_chaos_v1:corpse_fly":1,"minecraft:skeleton":1,"iceandfire:ghost":4,"born_in_chaos_v1:dread_hound":1,"enemyexpansion:invisicreeper":1},"minecraft:crafted":{"minecraft:cookie":90,"minecraft:furnace":1,"minecraft:suspicious_stew":2,"minecraft:cake":10,"minecraft:bow":3,"sophisticatedbackpacks:copper_backpack":1,"minecraft:iron_axe":1,"minecraft:stone_pickaxe":1,"ecologics:seashell_tiles":4,"quark:spruce_chest":1,"minecraft:wheat":9,"iceandfire:silver_axe":1,"minecraft:emerald":72,"sophisticatedbackpacks:backpack":1,"iceandfire:silver_ingot":6,"minecraft:crafting_table":3,"minecraft:spruce_planks":312,"minecraft:wooden_pickaxe":1,"minecraft:smithing_table":1,"minecraft:stone_axe":1,"minecraft:bread":60,"minecraft:air":0,"minecraft:apple":20,"minecraft:string":80,"minecraft:stick":1884,"minecraft:iron_ingot":7,"minecraft:iron_pickaxe":1,"minecraft:white_bed":1,"minecraft:torch":52}},"DataVersion":3465}