{"stats":{"minecraft:crafted":{"minecraft:cooked_beef":4,"minecraft:saddle":1,"minecraft:crafting_table":1,"ecologics:coconut_planks":20,"minecraft:iron_sword":1,"minecraft:furnace":1,"minecraft:stone_axe":1,"minecraft:air":0,"minecraft:string":4,"minecraft:black_bed":1,"minecraft:torch":8,"minecraft:shears":1},"minecraft:used":{"minecraft:diamond_boots":1,"minecraft:leather_chestplate":1,"minecraft:iron_sword":47,"minecraft:sugar_cane":3,"ecologics:coconut_planks":8,"minecraft:torch":6,"minecraft:dirt":2,"minecraft:crafting_table":2,"minecraft:mushroom_stew":1,"ecologics:seashell":1,"minecraft:white_bed":1,"minecraft:black_bed":2,"minecraft:cake":1,"minecraft:apple":3,"minecraft:lantern":1,"minecraft:bread":2,"minecraft:iron_pickaxe":59,"minecraft:leather_helmet":1,"minecraft:stone_bricks":1,"minecraft:stone_axe":16,"minecraft:furnace":1,"tombstone:gift":4,"minecraft:skeleton_skull":1,"minecraft:cooked_beef":3,"minecraft:iron_leggings":1,"minecraft:brown_bed":2,"minecraft:experience_bottle":2},"minecraft:dropped":{"minecraft:enchanted_book":1,"ecologics:coconut_planks":8,"minecraft:wheat_seeds":3,"minecraft:bowl":1,"minecraft:rotten_flesh":6,"minecraft:leather":1,"minecraft:oxeye_daisy":1,"minecraft:stone":1,"minecraft:leather_leggings":1,"ecologics:seashell":1,"minecraft:white_wool":4},"minecraft:killed_by":{"minecraft:zombie":1,"iceandfire:ghost":3,"minecraft:drowned":1},"minecraft:killed":{"enemyexpansion:direwolf":1,"born_in_chaos_v1:decrepit_skeleton":1,"minecraft:horse":4,"minecraft:zombie":1,"minecraft:cow":4},"minecraft:picked_up":{"luminousworld:groundpebbles_1":5,"minecraft:crafting_table":1,"born_in_chaos_v1:river_mint":2,"minecraft:andesite":4,"ecologics:coconut_planks":3,"minecraft:black_bed":2,"minecraft:leather":6,"ecologics:seashell":2,"minecraft:brown_bed":2,"minecraft:enchanted_book":1,"minecraft:dirt":30,"minecraft:lantern":1,"minecraft:raw_copper":7,"minecraft:bone":2,"minecraft:stone_bricks":1,"minecraft:wheat_seeds":4,"minecraft:beef":7,"minecraft:coal_block":7,"minecraft:sugar_cane":3,"minecraft:stone":1,"ecologics:coconut_slice":4,"minecraft:torch":2,"minecraft:sand":6,"tombstone:grave_dust":3,"minecraft:white_bed":1,"minecraft:stone_sword":1,"minecraft:rotten_flesh":6,"minecraft:hay_block":6,"ecologics:coconut_log":5,"minecraft:oxeye_daisy":1,"minecraft:coal":10,"minecraft:black_wool":3,"undead_revamp2:arapholia":2,"minecraft:skeleton_skull":2,"minecraft:white_wool":5,"minecraft:cobblestone":30},"minecraft:custom":{"minecraft:interact_with_furnace":10,"minecraft:mob_kills":11,"minecraft:tune_noteblock":24,"minecraft:interact_with_crafting_table":8,"minecraft:open_barrel":5,"minecraft:eat_cake_slice":1,"minecraft:time_since_death":24083,"minecraft:sleep_in_bed":4,"minecraft:climb_one_cm":7611,"minecraft:time_since_rest":11735,"minecraft:sprint_one_cm":155167,"minecraft:damage_taken":2572,"minecraft:walk_one_cm":218530,"minecraft:trigger_trapped_chest":1,"minecraft:drop":24,"minecraft:damage_dealt":3057,"minecraft:swim_one_cm":13186,"minecraft:talked_to_villager":15,"minecraft:fly_one_cm":267192,"minecraft:open_chest":13,"minecraft:crouch_one_cm":9288,"minecraft:play_time":64218,"tombstone:undead_killed":2,"minecraft:deaths":9,"minecraft:sneak_time":3129,"minecraft:walk_under_water_one_cm":7815,"minecraft:jump":1162,"minecraft:interact_with_blast_furnace":2,"minecraft:walk_on_water_one_cm":12396,"minecraft:total_world_time":64218,"minecraft:fall_one_cm":28393,"minecraft:horse_one_cm":76597},"minecraft:mined":{"undead_revamp2:arapholia":2,"minecraft:crafting_table":1,"minecraft:torch":2,"minecraft:grass_block":12,"luminousworld:grassvariant_2":2,"luminousworld:grassflowers":1,"minecraft:coal_block":8,"minecraft:tall_grass":7,"minecraft:copper_ore":2,"ecologics:coconut_log":5,"minecraft:sugar_cane":1,"minecraft:wall_torch":1,"minecraft:hay_block":6,"luminousworld:sunset_petunias":1,"minecraft:wheat":1,"minecraft:fire":1,"minecraft:andesite":4,"minecraft:black_bed":2,"minecraft:brown_bed":2,"minecraft:grass":28,"minecraft:coal_ore":10,"minecraft:skeleton_wall_skull":2,"minecraft:sand":8,"minecraft:dirt":19,"luminousworld:grassvariant_3":3,"minecraft:stone_bricks":2,"minecraft:stone":30}},"DataVersion":3465}