{"stats":{"minecraft:custom":{"minecraft:mob_kills":4,"minecraft:traded_with_villager":14,"minecraft:interact_with_crafting_table":3,"minecraft:time_since_death":4446,"minecraft:sleep_in_bed":4,"minecraft:climb_one_cm":154,"minecraft:time_since_rest":2150,"minecraft:sprint_one_cm":104272,"minecraft:damage_taken":1265,"minecraft:walk_one_cm":108590,"minecraft:drop":2,"minecraft:damage_dealt":667,"minecraft:swim_one_cm":477,"minecraft:talked_to_villager":13,"minecraft:fly_one_cm":77755,"minecraft:open_chest":7,"minecraft:crouch_one_cm":6209,"tombstone:undead_killed":1,"minecraft:play_time":37441,"minecraft:deaths":3,"minecraft:sneak_time":1810,"minecraft:walk_under_water_one_cm":102,"minecraft:jump":636,"minecraft:walk_on_water_one_cm":736,"minecraft:total_world_time":37441,"minecraft:fall_one_cm":13252},"minecraft:dropped":{"minecraft:bread":32,"minecraft:spruce_leaves":3},"minecraft:killed_by":{"born_in_chaos_v1:corpse_fly":1},"minecraft:mined":{"luminousworld:groundpebbles_1":1,"minecraft:white_bed":3,"born_in_chaos_v1:marigolds":1,"iceandfire:silver_ore":6,"minecraft:carved_pumpkin":1,"supplementaries:wild_flax":2,"luminousworld:decorative_brown_mushroom_1":1,"minecraft:spruce_leaves":9,"ecologics:seashell":1,"minecraft:iron_ore":7,"minecraft:spruce_log":27,"minecraft:grass":2,"minecraft:coal_ore":13,"minecraft:stone":28,"minecraft:oak_leaves":2,"minecraft:fern":2},"minecraft:crafted":{"minecraft:emerald":9,"minecraft:crafting_table":3,"minecraft:spruce_planks":176,"minecraft:wooden_pickaxe":1,"minecraft:stone_axe":1,"minecraft:bread":30,"minecraft:air":0,"minecraft:stick":316,"minecraft:stone_pickaxe":1,"minecraft:white_bed":1},"minecraft:used":{"ecologics:crab_claw":8,"minecraft:carved_pumpkin":1,"minecraft:stone_pickaxe":48,"luminousworld:blackberry":2,"minecraft:wooden_pickaxe":13,"luminousworld:groundpebbles_1":1,"minecraft:grass":2,"minecraft:rotten_flesh":1,"minecraft:spruce_leaves":3,"minecraft:crafting_table":3,"minecraft:white_bed":3,"minecraft:bread":6,"minecraft:spruce_trapdoor":1,"born_in_chaos_v1:marigolds":1,"minecraft:stone_axe":22,"minecraft:cobblestone":12,"minecraft:sweet_berries":2,"supplementaries:ash":1,"luminousworld:decorative_brown_mushroom_1":1},"minecraft:killed":{"undead_revamp2:theordure":1,"born_in_chaos_v1:corpse_fly":2},"minecraft:picked_up":{"minecraft:spruce_leaves":6,"luminousworld:groundpebbles_1":1,"born_in_chaos_v1:corpse_maggot":2,"luminousworld:blackberry":4,"minecraft:leather":1,"ecologics:seashell":1,"supplementaries:flax_seeds":2,"minecraft:gunpowder":5,"minecraft:dirt":16,"born_in_chaos_v1:marigolds":1,"minecraft:iron_ingot":1,"minecraft:beef":2,"minecraft:spruce_trapdoor":2,"ecologics:crab_claw":1,"minecraft:raw_iron":7,"minecraft:sweet_berries":2,"tombstone:grave_dust":2,"minecraft:white_bed":2,"minecraft:spruce_log":29,"luminousworld:decorative_brown_mushroom_1":1,"minecraft:pumpkin_seeds":3,"minecraft:rotten_flesh":6,"minecraft:granite":6,"minecraft:carved_pumpkin":1,"minecraft:grass":2,"supplementaries:ash":1,"minecraft:black_wool":2,"minecraft:white_wool":4,"minecraft:coal":14,"iceandfire:raw_silver":7,"minecraft:cobblestone":31}},"DataVersion":3465}