{"stats":{"minecraft:used":{"minecraft:jack_o_lantern":1,"ecologics:crab_claw":8,"minecraft:carved_pumpkin":1,"minecraft:grass":2,"minecraft:rotten_flesh":1,"minecraft:spruce_leaves":3,"minecraft:torch":8,"minecraft:dirt":16,"minecraft:granite":6,"minecraft:iron_axe":120,"minecraft:sweet_berries":2,"supplementaries:ash":1,"minecraft:furnace":1,"luminousworld:decorative_brown_mushroom_1":1,"minecraft:wheat_seeds":4,"minecraft:stone_pickaxe":100,"luminousworld:blackberry":2,"minecraft:wooden_pickaxe":13,"luminousworld:groundpebbles_1":1,"luminousworld:yellow_grassflowers":1,"minecraft:cookie":1,"minecraft:crafting_table":3,"supplementaries:bomb":5,"minecraft:white_bed":4,"iceandfire:silver_axe":198,"minecraft:cake":10,"minecraft:spruce_log":1,"minecraft:apple":5,"minecraft:suspicious_stew":2,"minecraft:iron_pickaxe":199,"minecraft:bread":24,"minecraft:spruce_trapdoor":1,"minecraft:spruce_sapling":2,"born_in_chaos_v1:marigolds":1,"minecraft:stone_axe":133,"minecraft:cobblestone":58,"minecraft:smithing_table":1,"minecraft:andesite":3},"minecraft:broken":{"minecraft:stone_axe":1},"minecraft:dropped":{"minecraft:bread":32,"minecraft:wheat_seeds":9,"minecraft:cobblestone":4,"minecraft:spruce_leaves":3,"minecraft:sweet_berries":3,"minecraft:bowl":2,"minecraft:bow":1},"minecraft:picked_up":{"minecraft:spruce_leaves":6,"luminousworld:groundpebbles_1":1,"minecraft:wheat":4,"luminousworld:blackberry":4,"minecraft:smithing_table":1,"ecologics:seashell":1,"born_in_chaos_v1:black_argillite":2,"minecraft:string":1,"supplementaries:bomb":5,"minecraft:cobbled_deepslate":15,"minecraft:beef":2,"minecraft:birch_sapling":1,"minecraft:spruce_trapdoor":2,"ecologics:crab_claw":1,"minecraft:stick":15,"minecraft:raw_iron":32,"tombstone:grave_dust":2,"minecraft:redstone":16,"luminousworld:decorative_brown_mushroom_1":1,"minecraft:rotten_flesh":7,"minecraft:arrow":1,"luminousworld:yellow_grassflowers":1,"minecraft:hay_block":1,"supplementaries:antique_ink":2,"minecraft:carved_pumpkin":1,"supplementaries:ash":5,"minecraft:cobblestone":121,"minecraft:white_wool":14,"minecraft:birch_log":6,"born_in_chaos_v1:corpse_maggot":2,"minecraft:glow_ink_sac":6,"minecraft:andesite":20,"luminousworld:ishstone":12,"minecraft:leather":1,"minecraft:oak_log":46,"supplementaries:flax_seeds":7,"minecraft:gunpowder":8,"minecraft:lapis_lazuli":13,"minecraft:dirt":17,"born_in_chaos_v1:marigolds":1,"naturalist:bass":1,"minecraft:bone":7,"minecraft:apple":4,"minecraft:wheat_seeds":13,"minecraft:iron_ingot":1,"minecraft:sweet_berries":10,"minecraft:pumpkin":49,"minecraft:spruce_sapling":15,"minecraft:white_bed":3,"minecraft:spruce_log":180,"alexsmobs:animal_dictionary":1,"minecraft:pumpkin_seeds":8,"minecraft:chainmail_leggings":1,"minecraft:granite":6,"minecraft:grass":2,"minecraft:gray_wool":1,"minecraft:emerald":3,"minecraft:bread":2,"minecraft:jack_o_lantern":1,"tombstone:magic_scroll":1,"minecraft:oak_sapling":8,"minecraft:black_wool":9,"minecraft:coal":24,"iceandfire:raw_silver":7},"minecraft:custom":{"minecraft:interact_with_smithing_table":3,"minecraft:mob_kills":18,"minecraft:animals_bred":3,"minecraft:interact_with_crafting_table":15,"minecraft:open_barrel":7,"minecraft:damage_dealt_resisted":177,"minecraft:eat_cake_slice":9,"minecraft:leave_game":3,"minecraft:time_since_death":6684,"minecraft:climb_one_cm":1102,"minecraft:sprint_one_cm":346784,"minecraft:walk_one_cm":399544,"minecraft:drop":18,"minecraft:talked_to_villager":61,"minecraft:play_time":135036,"minecraft:deaths":8,"minecraft:sneak_time":5746,"minecraft:walk_under_water_one_cm":4638,"minecraft:jump":2065,"minecraft:interact_with_brewingstand":1,"minecraft:walk_on_water_one_cm":18288,"minecraft:total_world_time":135036,"minecraft:interact_with_furnace":8,"tombstone:raider_killed":1,"minecraft:traded_with_villager":107,"minecraft:sleep_in_bed":11,"minecraft:time_since_rest":5089,"minecraft:damage_taken":3615,"minecraft:trigger_trapped_chest":2,"minecraft:damage_dealt":3696,"minecraft:swim_one_cm":8167,"minecraft:fly_one_cm":264830,"minecraft:open_chest":25,"minecraft:crouch_one_cm":18137,"tombstone:undead_killed":7,"minecraft:fall_one_cm":50849,"minecraft:horse_one_cm":1543},"minecraft:mined":{"luminousworld:groundpebbles_1":1,"minecraft:white_bed":3,"iceandfire:silver_ore":6,"luminousworld:grassvariant_4":1,"minecraft:jack_o_lantern":1,"minecraft:carved_pumpkin":1,"minecraft:granite":14,"luminousworld:mossbuds_2":1,"minecraft:grass_block":2,"born_in_chaos_v1:black_argillite":2,"luminousworld:grassvariant_2":1,"luminousworld:decorative_brown_mushroom_1":1,"minecraft:spruce_leaves":107,"minecraft:large_fern":4,"minecraft:hay_block":1,"minecraft:redstone_ore":4,"luminousworld:yellow_grassflowers":1,"minecraft:iron_ore":26,"minecraft:andesite":20,"minecraft:pumpkin":49,"minecraft:deepslate_iron_ore":6,"minecraft:vine":2,"minecraft:stone":163,"minecraft:smithing_table":1,"born_in_chaos_v1:marigolds":1,"supplementaries:wild_flax":2,"minecraft:lapis_ore":2,"supplementaries:urn":7,"ecologics:seashell":1,"minecraft:birch_log":6,"minecraft:wheat":4,"minecraft:sweet_berry_bush":2,"minecraft:spruce_log":187,"minecraft:birch_leaves":1,"minecraft:grass":4,"minecraft:oak_log":46,"minecraft:coal_ore":23,"luminousworld:ishstone":12,"minecraft:dirt":11,"luminousworld:grassvariant_3":1,"minecraft:oak_leaves":25,"minecraft:deepslate":15,"minecraft:fern":2},"minecraft:killed":{"minecraft:witch":1,"enemyexpansion:intruder":1,"born_in_chaos_v1:baby_skeleton_minion":2,"born_in_chaos_v1:maggot":1,"luminousworld:swamp_skeleton":1,"luminousworld:firefly":1,"born_in_chaos_v1:bonescaller":1,"undead_revamp2:theordure":1,"undead_revamp2:thesomnolence":1,"luminousworld:swamp_zombie":1,"iceandfire:ghost":1,"born_in_chaos_v1:corpse_fly":2},"minecraft:killed_by":{"born_in_chaos_v1:corpse_fly":1,"iceandfire:ghost":2,"born_in_chaos_v1:dread_hound":1,"enemyexpansion:invisicreeper":1},"minecraft:crafted":{"minecraft:cookie":90,"minecraft:furnace":1,"minecraft:suspicious_stew":2,"minecraft:cake":10,"minecraft:bow":3,"sophisticatedbackpacks:copper_backpack":1,"minecraft:iron_axe":1,"minecraft:stone_pickaxe":1,"quark:spruce_chest":1,"minecraft:wheat":9,"iceandfire:silver_axe":1,"minecraft:emerald":72,"sophisticatedbackpacks:backpack":1,"iceandfire:silver_ingot":6,"minecraft:crafting_table":3,"minecraft:spruce_planks":312,"minecraft:wooden_pickaxe":1,"minecraft:smithing_table":1,"minecraft:stone_axe":1,"minecraft:bread":60,"minecraft:air":0,"minecraft:apple":20,"minecraft:string":80,"minecraft:stick":1884,"minecraft:iron_ingot":7,"minecraft:iron_pickaxe":1,"minecraft:white_bed":1,"minecraft:torch":52}},"DataVersion":3465}