{"stats":{"minecraft:used":{"minecraft:iron_shovel":13,"minecraft:spruce_slab":1,"minecraft:stone":1,"minecraft:iron_sword":246,"ecologics:coconut_planks":8,"minecraft:cooked_chicken":1,"minecraft:iron_chestplate":1,"minecraft:torch":10,"minecraft:dirt":35,"ecologics:seashell":1,"minecraft:carrot":12,"minecraft:acacia_sapling":4,"minecraft:spruce_fence":2,"tombstone:tablet_of_cupidity":2,"minecraft:lantern":2,"minecraft:oak_stairs":1,"minecraft:iron_helmet":2,"minecraft:barrel":1,"minecraft:stone_bricks":1,"minecraft:bamboo":1,"minecraft:furnace":1,"tombstone:gift":7,"minecraft:skeleton_skull":1,"minecraft:cooked_beef":4,"minecraft:brown_bed":2,"minecraft:iron_leggings":1,"minecraft:diamond_boots":1,"minecraft:leather_chestplate":1,"minecraft:sugar_cane":3,"minecraft:sand":1,"minecraft:crafting_table":4,"minecraft:mushroom_stew":1,"minecraft:white_bed":3,"minecraft:campfire":1,"minecraft:black_bed":2,"minecraft:cake":2,"minecraft:shears":2,"minecraft:oak_log":5,"tombstone:bag_of_seeds":2,"minecraft:diamond_pickaxe":12,"minecraft:firework_rocket":1,"minecraft:apple":4,"minecraft:chicken":1,"minecraft:iron_pickaxe":65,"ecologics:tropical_stew":1,"minecraft:stone_button":2,"minecraft:bread":26,"minecraft:string":10,"minecraft:leather_helmet":1,"minecraft:stone_axe":21,"ecologics:coconut_slice":4,"minecraft:cobblestone":2,"minecraft:white_banner":1,"enemyexpansion:horsehead_helmet":1,"minecraft:dandelion":4,"minecraft:cobweb":2,"minecraft:bone_meal":6,"minecraft:experience_bottle":2},"minecraft:broken":{"minecraft:iron_sword":1,"minecraft:iron_helmet":1,"aether:leather_gloves":1},"minecraft:dropped":{"minecraft:enchanted_book":1,"minecraft:iron_sword":1,"minecraft:wheat_seeds":46,"minecraft:glow_ink_sac":3,"luminousworld:white_petunias":3,"minecraft:leather":1,"minecraft:honeycomb":1,"minecraft:leather_helmet":1,"minecraft:item_frame":14,"minecraft:oxeye_daisy":1,"minecraft:dirt":32,"iceandfire:sea_serpent_scales_red":4,"born_in_chaos_v1:river_mint":1,"minecraft:sand":6,"minecraft:paper":1,"minecraft:string":3,"minecraft:white_wool":4,"minecraft:bone":5,"minecraft:stone_axe":1,"ecologics:coconut_planks":8,"minecraft:bowl":1,"minecraft:wheat":14,"minecraft:rotten_flesh":9,"luminousworld:yellow_grassflowers":1,"minecraft:leather_chestplate":1,"minecraft:stone":1,"luminousworld:groundpebbles_1":1,"iceandfire:bestiary":1,"minecraft:acacia_sapling":1,"minecraft:oak_boat":1,"minecraft:oak_sapling":2,"minecraft:leather_leggings":1,"minecraft:slime_ball":1,"minecraft:beef":11,"ecologics:seashell":1,"minecraft:purple_carpet":10},"minecraft:picked_up":{"minecraft:cocoa_beans":2,"luminousworld:groundpebbles_1":10,"minecraft:crafting_table":1,"minecraft:wheat":17,"minecraft:chicken":1,"born_in_chaos_v1:river_mint":3,"minecraft:clay_ball":5,"ecologics:seashell":2,"minecraft:oak_stairs":1,"minecraft:brown_bed":2,"minecraft:enchanted_book":2,"minecraft:string":13,"minecraft:raw_copper":7,"minecraft:item_frame":19,"minecraft:white_carpet":7,"minecraft:iron_shovel":1,"iceandfire:bestiary":3,"minecraft:beef":27,"minecraft:oak_boat":1,"minecraft:spruce_slab":2,"minecraft:coal_block":7,"minecraft:sugar_cane":3,"minecraft:spruce_trapdoor":2,"ecologics:crab_claw":1,"minecraft:stick":4,"minecraft:raw_iron":2,"minecraft:stone":1,"ecologics:coconut_slice":42,"minecraft:copper_ingot":11,"minecraft:torch":6,"minecraft:spruce_fence":1,"minecraft:cake":1,"minecraft:stone_button":1,"tombstone:grave_dust":7,"minecraft:carrot":13,"twilightforest:magic_beans":1,"minecraft:stone_sword":1,"minecraft:rotten_flesh":21,"luminousworld:yellow_grassflowers":1,"minecraft:hay_block":19,"ecologics:coconut_log":5,"undead_revamp2:arapholia":2,"minecraft:skeleton_skull":2,"minecraft:white_wool":5,"minecraft:cobblestone":36,"minecraft:oxeye_daisy":1,"enemyexpansion:horsehead_helmet":1,"iceandfire:sea_serpent_fang":8,"minecraft:glow_ink_sac":3,"minecraft:andesite":4,"ecologics:coconut_planks":3,"minecraft:black_bed":2,"minecraft:leather":15,"minecraft:oak_log":11,"supplementaries:flax_seeds":6,"minecraft:white_banner":7,"minecraft:map":1,"minecraft:dirt":94,"minecraft:paper":1,"minecraft:lantern":5,"tombstone:gift":1,"minecraft:purple_carpet":37,"minecraft:bone":7,"minecraft:apple":1,"minecraft:stone_bricks":1,"minecraft:wheat_seeds":52,"minecraft:bell":1,"minecraft:cooked_chicken":1,"minecraft:cobweb":4,"tombstone:bag_of_seeds":1,"luminousworld:white_petunias":3,"minecraft:iron_sword":1,"minecraft:honeycomb":3,"minecraft:dandelion":18,"minecraft:torchflower_seeds":3,"minecraft:sand":7,"minecraft:white_bed":3,"minecraft:barrel":1,"alexsmobs:animal_dictionary":1,"minecraft:firework_rocket":1,"luminousworld:yellowpetunias":1,"luminousworld:blueberry":5,"iceandfire:sea_serpent_scales_red":4,"minecraft:emerald":1,"minecraft:oak_sapling":4,"minecraft:black_wool":3,"minecraft:coal":10,"iceandfire:raw_silver":2},"minecraft:custom":{"minecraft:interact_with_smithing_table":1,"minecraft:mob_kills":41,"minecraft:animals_bred":1,"minecraft:interact_with_crafting_table":12,"minecraft:open_barrel":11,"minecraft:eat_cake_slice":5,"minecraft:leave_game":2,"minecraft:time_since_death":524,"minecraft:climb_one_cm":10785,"minecraft:sprint_one_cm":581260,"minecraft:walk_one_cm":588068,"minecraft:drop":108,"minecraft:talked_to_villager":22,"minecraft:play_time":195781,"minecraft:deaths":23,"minecraft:sneak_time":6940,"minecraft:walk_under_water_one_cm":37007,"minecraft:interact_with_brewingstand":1,"minecraft:jump":4436,"minecraft:interact_with_blast_furnace":2,"minecraft:walk_on_water_one_cm":48025,"minecraft:total_world_time":195781,"minecraft:interact_with_furnace":14,"tombstone:raider_killed":2,"minecraft:traded_with_villager":1,"minecraft:tune_noteblock":24,"minecraft:sleep_in_bed":13,"minecraft:time_since_rest":1,"minecraft:damage_taken":7790,"minecraft:trigger_trapped_chest":1,"minecraft:damage_dealt":10553,"minecraft:swim_one_cm":114161,"minecraft:fly_one_cm":934343,"minecraft:open_chest":27,"minecraft:crouch_one_cm":20360,"tombstone:undead_killed":16,"minecraft:interact_with_smoker":1,"minecraft:fall_one_cm":110489,"minecraft:horse_one_cm":163212},"minecraft:mined":{"undead_revamp2:arapholia":2,"minecraft:white_bed":2,"iceandfire:silver_ore":2,"luminousworld:grassvariant_4":3,"minecraft:grass_block":23,"luminousworld:grassvariant_2":4,"minecraft:coal_block":8,"ecologics:coconut_log":5,"minecraft:hay_block":19,"luminousworld:sunset_petunias":1,"minecraft:fire":1,"minecraft:andesite":4,"minecraft:brown_bed":2,"minecraft:skeleton_wall_skull":2,"minecraft:deepslate_iron_ore":2,"minecraft:stone":34,"minecraft:dandelion":17,"born_in_chaos_v1:infected_deepslate_diamond_ore":1,"minecraft:crafting_table":1,"minecraft:torch":2,"luminousworld:grassflowers":1,"minecraft:copper_ore":2,"minecraft:tall_grass":10,"minecraft:cobblestone":2,"minecraft:sugar_cane":1,"minecraft:wall_torch":1,"supplementaries:urn":3,"minecraft:wheat":1,"minecraft:ice":3,"minecraft:black_bed":2,"minecraft:grass":46,"minecraft:oak_log":11,"minecraft:coal_ore":10,"minecraft:sand":10,"minecraft:dirt":30,"luminousworld:grassvariant_3":5,"minecraft:cobweb":1,"minecraft:stone_bricks":2,"minecraft:oak_leaves":15},"minecraft:killed":{"undead_revamp2:theimmortal":3,"luminousworld:sunken_skeleton":1,"enemyexpansion:direwolf":1,"minecraft:horse":4,"ecologics:coconut_crab":1,"undead_revamp2:therod":8,"born_in_chaos_v1:decrepit_skeleton":1,"luminousworld:crab":2,"minecraft:pillager":1,"minecraft:zombie":3,"enemyexpansion:botfly":3,"enemyexpansion:huntsman":1,"takesapillage:archer":1,"minecraft:cow":4},"minecraft:killed_by":{"minecraft:drowned":1,"iceandfire:sea_serpent":2,"born_in_chaos_v1:diamond_termite":1,"iceandfire:ice_dragon":10,"minecraft:zombie":2,"iceandfire:ghost":3},"minecraft:crafted":{"minecraft:saddle":1,"minecraft:oak_planks":12,"ecologics:coconut_planks":20,"minecraft:furnace":1,"minecraft:bone_meal":6,"ecologics:tropical_stew":1,"minecraft:wheat":171,"ecologics:crab_meat":1,"minecraft:cooked_beef":4,"minecraft:emerald":1,"minecraft:crafting_table":3,"minecraft:iron_sword":1,"minecraft:campfire":1,"minecraft:stone_axe":1,"minecraft:bread":58,"minecraft:air":0,"minecraft:string":4,"minecraft:stick":8,"minecraft:black_bed":1,"minecraft:torch":8,"minecraft:shears":1}},"DataVersion":3465}