{"stats":{"minecraft:used":{"minecraft:stone_sword":99,"minecraft:iron_shovel":13,"iceandfire:armor_copper_metal_leggings":1,"minecraft:spruce_slab":1,"minecraft:stone":1,"minecraft:iron_sword":246,"ecologics:coconut_planks":8,"minecraft:cooked_chicken":1,"minecraft:iron_chestplate":1,"minecraft:oak_door":1,"minecraft:torch":21,"iceandfire:armor_copper_metal_boots":1,"minecraft:dirt":39,"iceandfire:copper_sword":172,"ecologics:seashell":1,"minecraft:carrot":12,"minecraft:acacia_sapling":4,"minecraft:spruce_fence":2,"quark:deepslate_furnace":1,"minecraft:iron_axe":1,"tombstone:tablet_of_cupidity":2,"minecraft:lantern":2,"minecraft:oak_stairs":1,"minecraft:iron_helmet":2,"iceandfire:copper_pickaxe":17,"minecraft:barrel":2,"minecraft:stone_bricks":1,"minecraft:bamboo":1,"minecraft:rabbit_stew":1,"minecraft:furnace":1,"tombstone:gift":11,"minecraft:skeleton_skull":1,"minecraft:cooked_beef":4,"minecraft:cobbled_deepslate":16,"minecraft:brown_bed":2,"minecraft:iron_leggings":1,"minecraft:leather_leggings":1,"minecraft:diamond_boots":2,"minecraft:stone_pickaxe":90,"minecraft:oak_planks":4,"minecraft:wooden_pickaxe":5,"minecraft:leather_chestplate":2,"minecraft:sugar_cane":3,"minecraft:mossy_cobblestone":1,"minecraft:sand":1,"minecraft:oak_slab":2,"minecraft:crafting_table":8,"minecraft:mushroom_stew":1,"minecraft:white_bed":3,"minecraft:campfire":1,"minecraft:cake":3,"minecraft:black_bed":2,"minecraft:shears":2,"tombstone:bag_of_seeds":2,"minecraft:oak_log":5,"iceandfire:armor_copper_metal_chestplate":1,"minecraft:diamond_pickaxe":12,"minecraft:firework_rocket":1,"minecraft:apple":4,"minecraft:chicken":1,"minecraft:iron_pickaxe":128,"minecraft:stone_button":2,"ecologics:tropical_stew":1,"minecraft:bread":37,"minecraft:string":10,"iceandfire:copper_hoe":2,"minecraft:leather_helmet":2,"minecraft:gravel":1,"minecraft:stone_axe":21,"ecologics:coconut_slice":4,"minecraft:cobblestone":14,"minecraft:white_banner":1,"minecraft:golden_pickaxe":30,"minecraft:dandelion":4,"enemyexpansion:horsehead_helmet":1,"minecraft:cobweb":2,"minecraft:bone_meal":6,"minecraft:experience_bottle":2},"minecraft:broken":{"minecraft:stone_sword":1,"minecraft:iron_sword":1,"minecraft:iron_helmet":1,"minecraft:golden_pickaxe":1,"aether:leather_gloves":1},"minecraft:dropped":{"minecraft:enchanted_book":1,"minecraft:iron_sword":1,"minecraft:wheat_seeds":46,"minecraft:glow_ink_sac":3,"luminousworld:white_petunias":3,"minecraft:leather":1,"minecraft:honeycomb":1,"minecraft:leather_helmet":1,"minecraft:item_frame":14,"minecraft:oxeye_daisy":1,"minecraft:dirt":32,"iceandfire:sea_serpent_scales_red":4,"born_in_chaos_v1:river_mint":1,"tombstone:grave_key":1,"minecraft:sand":6,"minecraft:paper":1,"minecraft:string":3,"minecraft:white_wool":4,"minecraft:bone":5,"minecraft:stone_axe":1,"ecologics:coconut_planks":8,"minecraft:bowl":3,"minecraft:wheat":14,"minecraft:rotten_flesh":9,"luminousworld:yellow_grassflowers":1,"minecraft:leather_chestplate":1,"minecraft:stone":1,"luminousworld:groundpebbles_1":1,"iceandfire:bestiary":1,"minecraft:oak_sapling":2,"minecraft:oak_boat":1,"minecraft:acacia_sapling":1,"minecraft:leather_leggings":1,"minecraft:slime_ball":1,"minecraft:beef":11,"ecologics:seashell":1,"minecraft:purple_carpet":10},"minecraft:picked_up":{"minecraft:cocoa_beans":2,"luminousworld:groundpebbles_1":10,"minecraft:crafting_table":1,"iceandfire:copper_sword":1,"minecraft:wheat":44,"minecraft:chicken":1,"born_in_chaos_v1:river_mint":3,"minecraft:clay_ball":5,"ecologics:seashell":2,"minecraft:oak_stairs":1,"minecraft:brown_bed":2,"minecraft:enchanted_book":2,"minecraft:string":21,"minecraft:raw_copper":15,"minecraft:iron_axe":1,"minecraft:item_frame":19,"minecraft:white_carpet":7,"minecraft:iron_shovel":1,"iceandfire:bestiary":3,"minecraft:cobbled_deepslate":95,"minecraft:gold_nugget":23,"minecraft:smooth_stone":25,"minecraft:beef":27,"minecraft:oak_boat":1,"minecraft:spruce_slab":2,"minecraft:coal_block":7,"minecraft:sugar_cane":3,"minecraft:spruce_trapdoor":2,"ecologics:crab_claw":1,"minecraft:stick":4,"minecraft:raw_iron":5,"minecraft:stone":1,"ecologics:coconut_slice":42,"minecraft:copper_ingot":39,"minecraft:bowl":1,"minecraft:torch":14,"minecraft:spruce_fence":1,"minecraft:cake":1,"minecraft:stone_button":1,"tombstone:grave_dust":9,"minecraft:carrot":13,"minecraft:redstone":13,"twilightforest:magic_beans":1,"minecraft:stone_sword":1,"minecraft:arrow":2,"minecraft:rotten_flesh":45,"luminousworld:yellow_grassflowers":1,"minecraft:hay_block":19,"ecologics:coconut_log":5,"minecraft:cyan_terracotta":2,"supplementaries:ash":7,"undead_revamp2:arapholia":2,"minecraft:skeleton_skull":2,"minecraft:white_wool":5,"minecraft:cobblestone":91,"minecraft:oxeye_daisy":1,"enemyexpansion:horsehead_helmet":1,"iceandfire:sea_serpent_fang":8,"minecraft:glow_ink_sac":3,"minecraft:andesite":10,"ecologics:coconut_planks":3,"minecraft:black_bed":2,"minecraft:leather":15,"minecraft:tuff":2,"minecraft:oak_log":22,"supplementaries:flax_seeds":7,"minecraft:map":1,"minecraft:white_banner":7,"minecraft:dirt":98,"minecraft:paper":1,"minecraft:lantern":5,"tombstone:gift":1,"minecraft:purple_carpet":37,"minecraft:bone":19,"minecraft:apple":1,"minecraft:stone_bricks":1,"minecraft:wheat_seeds":102,"minecraft:raw_gold":10,"minecraft:bell":1,"minecraft:cooked_chicken":1,"minecraft:cobweb":4,"tombstone:bag_of_seeds":1,"luminousworld:white_petunias":3,"minecraft:iron_sword":1,"minecraft:oak_planks":4,"minecraft:honeycomb":3,"minecraft:dandelion":18,"minecraft:torchflower_seeds":3,"minecraft:gravel":1,"minecraft:sand":7,"minecraft:amethyst_shard":14,"minecraft:mossy_cobblestone":1,"minecraft:white_bed":3,"minecraft:barrel":2,"alexsmobs:animal_dictionary":1,"minecraft:firework_rocket":1,"luminousworld:yellowpetunias":1,"luminousworld:blueberry":5,"minecraft:granite":1,"iceandfire:sea_serpent_scales_red":4,"minecraft:bone_meal":1,"minecraft:emerald":3,"tombstone:magic_scroll":1,"minecraft:oak_sapling":4,"minecraft:black_wool":3,"minecraft:coal":10,"iceandfire:raw_silver":2},"minecraft:custom":{"minecraft:interact_with_smithing_table":1,"minecraft:mob_kills":93,"minecraft:animals_bred":1,"minecraft:interact_with_crafting_table":27,"minecraft:open_barrel":35,"minecraft:damage_dealt_resisted":60,"minecraft:eat_cake_slice":12,"minecraft:leave_game":3,"minecraft:time_since_death":38794,"minecraft:climb_one_cm":10785,"minecraft:sprint_one_cm":729552,"minecraft:walk_one_cm":752290,"minecraft:drop":111,"minecraft:talked_to_villager":22,"minecraft:play_time":275949,"minecraft:deaths":27,"minecraft:sneak_time":18929,"minecraft:walk_under_water_one_cm":43014,"minecraft:interact_with_brewingstand":1,"minecraft:jump":5889,"minecraft:interact_with_blast_furnace":2,"minecraft:walk_on_water_one_cm":62039,"minecraft:total_world_time":275949,"minecraft:interact_with_furnace":23,"tombstone:raider_killed":2,"minecraft:traded_with_villager":1,"minecraft:tune_noteblock":24,"minecraft:sleep_in_bed":15,"minecraft:time_since_rest":36827,"minecraft:damage_taken":9594,"minecraft:trigger_trapped_chest":1,"minecraft:damage_dealt":20957,"minecraft:swim_one_cm":124608,"minecraft:fly_one_cm":1146477,"minecraft:open_chest":39,"minecraft:crouch_one_cm":46551,"tombstone:undead_killed":59,"minecraft:interact_with_smoker":1,"minecraft:fall_one_cm":138338,"minecraft:horse_one_cm":163212},"minecraft:mined":{"undead_revamp2:arapholia":2,"minecraft:tuff":2,"minecraft:white_bed":2,"iceandfire:silver_ore":2,"minecraft:mossy_cobblestone":1,"luminousworld:grassvariant_4":3,"minecraft:granite":1,"minecraft:grass_block":23,"luminousworld:grassvariant_2":6,"minecraft:coal_block":8,"ecologics:coconut_log":5,"minecraft:hay_block":19,"minecraft:smooth_stone":26,"luminousworld:sunset_petunias":1,"minecraft:barrel":1,"minecraft:fire":1,"minecraft:andesite":10,"minecraft:brown_bed":2,"minecraft:skeleton_wall_skull":2,"minecraft:deepslate_iron_ore":5,"minecraft:stone":73,"minecraft:tripwire":7,"minecraft:deepslate_redstone_ore":2,"minecraft:cyan_terracotta":3,"minecraft:dandelion":17,"born_in_chaos_v1:infected_deepslate_diamond_ore":1,"minecraft:torch":2,"minecraft:crafting_table":1,"luminousworld:grassflowers":1,"minecraft:copper_ore":3,"minecraft:tall_grass":14,"minecraft:cobblestone":19,"minecraft:deepslate_gold_ore":6,"minecraft:oak_planks":4,"minecraft:sugar_cane":1,"minecraft:wall_torch":2,"supplementaries:urn":14,"minecraft:wheat":1,"minecraft:ice":3,"minecraft:black_bed":2,"minecraft:smooth_stone_slab":1,"minecraft:grass":53,"minecraft:coal_ore":10,"minecraft:oak_log":22,"minecraft:sand":10,"minecraft:gravel":1,"minecraft:dirt":34,"minecraft:cobweb":2,"luminousworld:grassvariant_3":6,"minecraft:deepslate":95,"minecraft:stone_bricks":2,"minecraft:oak_leaves":16},"minecraft:killed":{"undead_revamp2:theimmortal":3,"luminousworld:sunken_skeleton":1,"quark:toretoise":1,"enemyexpansion:direwolf":2,"born_in_chaos_v1:maggot":2,"minecraft:horse":4,"ecologics:coconut_crab":1,"undead_revamp2:therod":26,"undead_revamp2:the_moonflower":1,"born_in_chaos_v1:decrepit_skeleton":1,"luminousworld:crab":2,"minecraft:pillager":1,"minecraft:zombie":27,"born_in_chaos_v1:corpse_fly":1,"enemyexpansion:botfly":3,"enemyexpansion:huntsman":1,"takesapillage:archer":1,"minecraft:cow":4},"minecraft:killed_by":{"minecraft:drowned":1,"iceandfire:sea_serpent":2,"undead_revamp2:thespitter":1,"takesapillage:archer":1,"born_in_chaos_v1:diamond_termite":1,"iceandfire:ice_dragon":10,"minecraft:skeleton":1,"minecraft:zombie":2,"iceandfire:ghost":3},"minecraft:crafted":{"minecraft:oak_door":3,"minecraft:saddle":1,"minecraft:oak_planks":57,"ecologics:coconut_planks":20,"minecraft:furnace":1,"iceandfire:armor_copper_metal_leggings":1,"minecraft:bone_meal":6,"quark:deepslate_furnace":1,"iceandfire:armor_copper_metal_boots":1,"iceandfire:armor_copper_metal_chestplate":1,"minecraft:stone_pickaxe":1,"ecologics:tropical_stew":1,"iceandfire:copper_pickaxe":1,"minecraft:wheat":171,"ecologics:crab_meat":1,"minecraft:cooked_beef":4,"minecraft:oak_slab":6,"minecraft:emerald":1,"minecraft:crafting_table":7,"minecraft:wooden_pickaxe":1,"minecraft:iron_sword":1,"minecraft:golden_pickaxe":1,"minecraft:copper_ingot":8,"iceandfire:copper_sword":1,"minecraft:campfire":1,"minecraft:stone_axe":1,"minecraft:bread":68,"minecraft:air":0,"iceandfire:copper_hoe":1,"minecraft:iron_pickaxe":1,"minecraft:string":4,"minecraft:iron_ingot":3,"minecraft:stick":24,"minecraft:gold_ingot":3,"minecraft:black_bed":1,"minecraft:torch":12,"minecraft:shears":1}},"DataVersion":3465}