{"stats":{"minecraft:used":{"minecraft:iron_shovel":13,"minecraft:spruce_slab":1,"minecraft:stone":1,"minecraft:iron_sword":246,"ecologics:coconut_planks":8,"minecraft:iron_chestplate":1,"minecraft:carrot":12,"minecraft:acacia_sapling":4,"quark:deepslate_furnace":1,"minecraft:lantern":2,"tombstone:tablet_of_cupidity":2,"minecraft:iron_helmet":2,"minecraft:stone_bricks":1,"iceandfire:copper_pickaxe":17,"minecraft:rabbit_stew":1,"minecraft:furnace":1,"minecraft:skeleton_skull":1,"minecraft:leather_leggings":1,"minecraft:diamond_boots":2,"minecraft:stone_pickaxe":90,"minecraft:oak_planks":4,"minecraft:leather_chestplate":2,"minecraft:wooden_pickaxe":5,"minecraft:sugar_cane":3,"minecraft:cookie":8,"minecraft:sand":1,"minecraft:mushroom_stew":1,"minecraft:black_bed":2,"minecraft:shears":2,"iceandfire:armor_copper_metal_chestplate":1,"minecraft:firework_rocket":1,"minecraft:bread":37,"minecraft:string":10,"minecraft:stone_button":2,"minecraft:gravel":1,"iceandfire:copper_hoe":2,"ecologics:coconut_slice":4,"minecraft:bone_meal":6,"minecraft:golden_pickaxe":30,"minecraft:experience_bottle":2,"minecraft:cobweb":2,"minecraft:stone_sword":99,"iceandfire:armor_copper_metal_leggings":1,"minecraft:cooked_chicken":1,"minecraft:oak_door":1,"minecraft:torch":29,"iceandfire:armor_copper_metal_boots":1,"minecraft:dirt":39,"iceandfire:copper_sword":172,"ecologics:seashell":1,"minecraft:spruce_fence":2,"minecraft:iron_axe":1,"minecraft:oak_stairs":1,"minecraft:barrel":2,"minecraft:bamboo":1,"tombstone:gift":11,"minecraft:cooked_beef":4,"minecraft:cobbled_deepslate":65,"minecraft:iron_leggings":1,"minecraft:brown_bed":2,"minecraft:mossy_cobblestone":1,"minecraft:oak_slab":2,"minecraft:crafting_table":8,"minecraft:campfire":1,"minecraft:white_bed":3,"minecraft:cake":3,"minecraft:oak_log":5,"tombstone:bag_of_seeds":2,"minecraft:diamond_pickaxe":12,"minecraft:apple":4,"ecologics:tropical_stew":1,"minecraft:chicken":1,"minecraft:iron_pickaxe":289,"minecraft:leather_helmet":2,"minecraft:stone_axe":21,"minecraft:cobblestone":19,"minecraft:white_banner":1,"enemyexpansion:horsehead_helmet":1,"minecraft:dandelion":4},"minecraft:broken":{"minecraft:iron_sword":1,"minecraft:stone_sword":1,"minecraft:iron_helmet":1,"minecraft:golden_pickaxe":1,"aether:leather_gloves":1},"minecraft:dropped":{"minecraft:iron_sword":1,"minecraft:glow_ink_sac":3,"luminousworld:white_petunias":3,"minecraft:leather":1,"minecraft:honeycomb":1,"minecraft:leather_helmet":1,"minecraft:item_frame":14,"minecraft:dirt":32,"iceandfire:sea_serpent_scales_red":4,"minecraft:sand":6,"minecraft:white_wool":4,"minecraft:bone":5,"minecraft:stone_axe":1,"minecraft:wheat":14,"minecraft:rotten_flesh":9,"minecraft:leather_chestplate":1,"supplementaries:ash":7,"minecraft:acacia_sapling":1,"iceandfire:bestiary":1,"minecraft:leather_leggings":1,"minecraft:arrow":2,"minecraft:beef":11,"minecraft:purple_carpet":10,"minecraft:enchanted_book":1,"minecraft:wheat_seeds":49,"minecraft:cobblestone":11,"minecraft:oxeye_daisy":1,"born_in_chaos_v1:river_mint":1,"tombstone:grave_key":1,"minecraft:paper":1,"minecraft:string":3,"ecologics:coconut_planks":8,"minecraft:bowl":3,"minecraft:tuff":2,"luminousworld:yellow_grassflowers":1,"minecraft:stone":1,"luminousworld:groundpebbles_1":1,"minecraft:andesite":3,"minecraft:oak_boat":1,"minecraft:oak_sapling":2,"minecraft:slime_ball":1,"ecologics:seashell":1},"minecraft:custom":{"minecraft:animals_bred":1,"minecraft:interact_with_crafting_table":28,"minecraft:open_barrel":35,"minecraft:eat_cake_slice":12,"minecraft:leave_game":3,"minecraft:time_since_death":50794,"minecraft:sprint_one_cm":734568,"minecraft:drop":118,"minecraft:talked_to_villager":22,"minecraft:play_time":287949,"minecraft:deaths":27,"minecraft:jump":6064,"minecraft:interact_with_brewingstand":1,"minecraft:walk_on_water_one_cm":62039,"minecraft:interact_with_furnace":24,"minecraft:traded_with_villager":1,"minecraft:sleep_in_bed":15,"minecraft:damage_dealt":20957,"minecraft:crouch_one_cm":51008,"tombstone:undead_killed":59,"minecraft:interact_with_smoker":1,"minecraft:horse_one_cm":163212,"minecraft:interact_with_smithing_table":1,"minecraft:mob_kills":93,"minecraft:damage_dealt_resisted":60,"minecraft:climb_one_cm":10785,"minecraft:walk_one_cm":778270,"minecraft:sneak_time":20673,"minecraft:walk_under_water_one_cm":43014,"minecraft:interact_with_blast_furnace":2,"minecraft:total_world_time":287949,"tombstone:raider_killed":2,"minecraft:tune_noteblock":24,"minecraft:time_since_rest":48827,"minecraft:damage_taken":9594,"minecraft:trigger_trapped_chest":1,"minecraft:swim_one_cm":124608,"minecraft:fly_one_cm":1150567,"minecraft:open_chest":40,"minecraft:fall_one_cm":139234},"minecraft:picked_up":{"minecraft:wheat":44,"iceandfire:copper_sword":1,"minecraft:oak_stairs":1,"minecraft:brown_bed":2,"minecraft:enchanted_book":2,"minecraft:string":21,"minecraft:raw_copper":15,"minecraft:smooth_stone":25,"minecraft:gold_nugget":23,"minecraft:cobbled_deepslate":108,"minecraft:coal_block":7,"ecologics:crab_claw":1,"minecraft:stick":4,"minecraft:torch":17,"tombstone:grave_dust":9,"minecraft:stone_sword":1,"minecraft:rotten_flesh":45,"luminousworld:yellow_grassflowers":1,"ecologics:coconut_log":5,"minecraft:cyan_terracotta":2,"supplementaries:ash":14,"undead_revamp2:arapholia":2,"minecraft:cobblestone":182,"minecraft:andesite":13,"ecologics:coconut_planks":3,"minecraft:black_bed":2,"minecraft:tuff":2,"supplementaries:flax_seeds":7,"minecraft:map":1,"minecraft:dirt":98,"minecraft:lantern":5,"minecraft:purple_carpet":37,"minecraft:bone":19,"minecraft:wheat_seeds":105,"minecraft:raw_gold":10,"minecraft:bell":1,"minecraft:honeycomb":3,"minecraft:oak_planks":4,"minecraft:sand":7,"alexsmobs:animal_dictionary":1,"minecraft:barrel":2,"minecraft:mossy_cobblestone":1,"luminousworld:yellowpetunias":1,"luminousworld:blueberry":5,"minecraft:granite":8,"minecraft:bone_meal":1,"minecraft:emerald":3,"minecraft:oak_sapling":4,"iceandfire:raw_silver":2,"luminousworld:groundpebbles_1":10,"minecraft:cocoa_beans":2,"minecraft:crafting_table":1,"minecraft:chicken":1,"born_in_chaos_v1:river_mint":3,"minecraft:clay_ball":5,"ecologics:seashell":2,"minecraft:iron_axe":1,"minecraft:white_carpet":7,"minecraft:item_frame":19,"minecraft:iron_shovel":1,"iceandfire:bestiary":3,"minecraft:beef":27,"minecraft:oak_boat":1,"minecraft:spruce_slab":2,"minecraft:sugar_cane":3,"minecraft:spruce_trapdoor":2,"minecraft:raw_iron":18,"minecraft:stone":1,"ecologics:coconut_slice":42,"minecraft:copper_ingot":39,"minecraft:bowl":1,"minecraft:spruce_fence":1,"minecraft:cake":1,"minecraft:stone_button":1,"minecraft:carrot":13,"minecraft:redstone":13,"twilightforest:magic_beans":1,"minecraft:arrow":2,"minecraft:hay_block":19,"minecraft:white_wool":5,"minecraft:skeleton_skull":2,"minecraft:oxeye_daisy":1,"enemyexpansion:horsehead_helmet":1,"iceandfire:sea_serpent_fang":8,"minecraft:glow_ink_sac":3,"minecraft:leather":15,"minecraft:oak_log":22,"minecraft:paper":1,"tombstone:gift":1,"minecraft:white_banner":7,"minecraft:apple":1,"minecraft:stone_bricks":1,"minecraft:cooked_chicken":1,"minecraft:cobweb":4,"tombstone:bag_of_seeds":1,"luminousworld:white_petunias":3,"minecraft:iron_sword":1,"minecraft:dandelion":18,"minecraft:torchflower_seeds":3,"minecraft:gravel":11,"minecraft:amethyst_shard":14,"minecraft:white_bed":3,"minecraft:firework_rocket":1,"iceandfire:sea_serpent_scales_red":4,"tombstone:magic_scroll":1,"minecraft:black_wool":3,"minecraft:coal":10},"minecraft:mined":{"undead_revamp2:arapholia":2,"minecraft:white_bed":2,"minecraft:granite":8,"minecraft:grass_block":23,"minecraft:coal_block":8,"minecraft:smooth_stone":26,"minecraft:iron_ore":5,"minecraft:cobbled_deepslate":3,"minecraft:fire":1,"minecraft:barrel":1,"minecraft:brown_bed":2,"minecraft:skeleton_wall_skull":2,"minecraft:tripwire":7,"minecraft:deepslate_redstone_ore":2,"minecraft:cyan_terracotta":3,"born_in_chaos_v1:infected_deepslate_diamond_ore":1,"minecraft:torch":3,"minecraft:cobblestone":20,"minecraft:sugar_cane":1,"minecraft:oak_planks":4,"minecraft:wall_torch":4,"minecraft:wheat":1,"minecraft:smooth_stone_slab":1,"minecraft:black_bed":2,"minecraft:grass":53,"minecraft:oak_log":22,"minecraft:dirt":34,"minecraft:sand":10,"luminousworld:grassvariant_3":6,"minecraft:oak_leaves":16,"minecraft:deepslate":106,"minecraft:tuff":2,"iceandfire:silver_ore":2,"minecraft:mossy_cobblestone":1,"luminousworld:grassvariant_4":3,"luminousworld:grassvariant_2":6,"ecologics:coconut_log":5,"minecraft:hay_block":19,"luminousworld:sunset_petunias":1,"minecraft:andesite":29,"minecraft:deepslate_iron_ore":13,"minecraft:stone":177,"minecraft:dandelion":17,"minecraft:crafting_table":1,"luminousworld:grassflowers":1,"minecraft:tall_grass":14,"minecraft:copper_ore":3,"minecraft:deepslate_gold_ore":6,"supplementaries:urn":14,"minecraft:ice":3,"minecraft:coal_ore":10,"minecraft:gravel":7,"minecraft:cobweb":2,"minecraft:stone_bricks":2},"minecraft:killed":{"ecologics:coconut_crab":1,"undead_revamp2:therod":26,"luminousworld:crab":2,"minecraft:pillager":1,"minecraft:zombie":27,"born_in_chaos_v1:corpse_fly":1,"enemyexpansion:botfly":3,"takesapillage:archer":1,"minecraft:cow":4,"undead_revamp2:theimmortal":3,"luminousworld:sunken_skeleton":1,"quark:toretoise":1,"enemyexpansion:direwolf":2,"born_in_chaos_v1:maggot":2,"minecraft:horse":4,"undead_revamp2:the_moonflower":1,"born_in_chaos_v1:decrepit_skeleton":1,"enemyexpansion:huntsman":1},"minecraft:killed_by":{"minecraft:drowned":1,"iceandfire:sea_serpent":2,"born_in_chaos_v1:diamond_termite":1,"iceandfire:ice_dragon":10,"minecraft:zombie":2,"undead_revamp2:thespitter":1,"takesapillage:archer":1,"minecraft:skeleton":1,"iceandfire:ghost":3},"minecraft:crafted":{"minecraft:oak_planks":57,"quark:deepslate_furnace":1,"iceandfire:armor_copper_metal_boots":1,"iceandfire:armor_copper_metal_chestplate":1,"iceandfire:copper_pickaxe":1,"minecraft:oak_slab":6,"minecraft:emerald":1,"minecraft:crafting_table":7,"minecraft:wooden_pickaxe":1,"minecraft:golden_pickaxe":1,"minecraft:copper_ingot":8,"minecraft:campfire":1,"iceandfire:copper_sword":1,"iceandfire:copper_hoe":1,"minecraft:string":4,"minecraft:stick":24,"minecraft:iron_ingot":3,"minecraft:iron_pickaxe":1,"minecraft:gold_ingot":6,"minecraft:black_bed":1,"minecraft:shears":1,"minecraft:oak_door":3,"minecraft:saddle":1,"minecraft:cookie":16,"ecologics:coconut_planks":20,"minecraft:furnace":1,"iceandfire:armor_copper_metal_leggings":1,"minecraft:bone_meal":6,"minecraft:stone_pickaxe":1,"ecologics:tropical_stew":1,"ecologics:crab_meat":1,"minecraft:wheat":171,"minecraft:cooked_beef":4,"minecraft:iron_sword":1,"minecraft:stone_axe":1,"minecraft:bread":68,"minecraft:air":0,"minecraft:torch":16}},"DataVersion":3465}