{"stats":{"minecraft:custom":{"minecraft:interact_with_furnace":3,"minecraft:mob_kills":5,"minecraft:animals_bred":1,"minecraft:traded_with_villager":61,"minecraft:interact_with_crafting_table":8,"minecraft:time_since_death":181,"minecraft:sleep_in_bed":5,"minecraft:climb_one_cm":154,"minecraft:time_since_rest":1,"minecraft:sprint_one_cm":159548,"minecraft:damage_taken":1635,"minecraft:walk_one_cm":178314,"minecraft:drop":9,"minecraft:damage_dealt":677,"minecraft:swim_one_cm":477,"minecraft:talked_to_villager":33,"minecraft:fly_one_cm":113040,"minecraft:open_chest":10,"minecraft:crouch_one_cm":10737,"tombstone:undead_killed":1,"minecraft:play_time":61441,"minecraft:deaths":4,"minecraft:sneak_time":2931,"minecraft:walk_under_water_one_cm":102,"minecraft:jump":948,"minecraft:walk_on_water_one_cm":736,"minecraft:total_world_time":61441,"minecraft:fall_one_cm":22588},"minecraft:dropped":{"minecraft:bread":32,"minecraft:sweet_berries":3,"minecraft:wheat_seeds":4,"minecraft:spruce_leaves":3},"minecraft:killed_by":{"born_in_chaos_v1:corpse_fly":1},"minecraft:mined":{"luminousworld:groundpebbles_1":1,"minecraft:white_bed":3,"born_in_chaos_v1:marigolds":1,"iceandfire:silver_ore":6,"luminousworld:grassvariant_4":1,"minecraft:jack_o_lantern":1,"minecraft:carved_pumpkin":1,"luminousworld:mossbuds_2":1,"supplementaries:wild_flax":2,"luminousworld:grassvariant_2":1,"luminousworld:decorative_brown_mushroom_1":1,"minecraft:spruce_leaves":68,"minecraft:large_fern":2,"ecologics:seashell":1,"minecraft:birch_log":6,"minecraft:iron_ore":7,"minecraft:wheat":3,"minecraft:sweet_berry_bush":2,"minecraft:spruce_log":114,"minecraft:birch_leaves":1,"minecraft:pumpkin":38,"minecraft:grass":2,"minecraft:oak_log":16,"minecraft:coal_ore":17,"luminousworld:grassvariant_3":1,"minecraft:stone":42,"minecraft:oak_leaves":8,"minecraft:fern":2},"minecraft:crafted":{"minecraft:cookie":54,"minecraft:emerald":42,"minecraft:crafting_table":3,"minecraft:spruce_planks":288,"minecraft:wooden_pickaxe":1,"minecraft:furnace":1,"minecraft:stone_axe":1,"minecraft:bread":60,"minecraft:air":0,"minecraft:apple":20,"minecraft:string":28,"minecraft:bow":1,"minecraft:iron_axe":1,"minecraft:stick":1132,"minecraft:iron_ingot":7,"minecraft:iron_pickaxe":1,"minecraft:stone_pickaxe":1,"minecraft:white_bed":1},"minecraft:used":{"minecraft:wheat_seeds":3,"minecraft:jack_o_lantern":1,"ecologics:crab_claw":8,"minecraft:carved_pumpkin":1,"minecraft:stone_pickaxe":67,"luminousworld:blackberry":2,"minecraft:wooden_pickaxe":13,"luminousworld:groundpebbles_1":1,"minecraft:grass":2,"minecraft:rotten_flesh":1,"minecraft:cookie":1,"minecraft:spruce_leaves":3,"minecraft:dirt":16,"minecraft:crafting_table":3,"minecraft:white_bed":4,"minecraft:granite":6,"minecraft:apple":1,"minecraft:iron_axe":108,"minecraft:bread":11,"minecraft:spruce_trapdoor":1,"born_in_chaos_v1:marigolds":1,"minecraft:stone_axe":133,"minecraft:cobblestone":20,"minecraft:sweet_berries":2,"supplementaries:ash":1,"minecraft:furnace":1,"luminousworld:decorative_brown_mushroom_1":1},"minecraft:broken":{"minecraft:stone_axe":1},"minecraft:killed":{"luminousworld:firefly":1,"undead_revamp2:theordure":1,"born_in_chaos_v1:corpse_fly":2},"minecraft:picked_up":{"minecraft:birch_log":6,"minecraft:spruce_leaves":6,"luminousworld:groundpebbles_1":1,"born_in_chaos_v1:corpse_maggot":2,"minecraft:wheat":3,"luminousworld:blackberry":4,"minecraft:leather":1,"ecologics:seashell":1,"minecraft:oak_log":16,"supplementaries:flax_seeds":2,"minecraft:gunpowder":5,"minecraft:dirt":16,"born_in_chaos_v1:marigolds":1,"minecraft:apple":3,"minecraft:wheat_seeds":7,"minecraft:iron_ingot":1,"minecraft:beef":2,"minecraft:birch_sapling":1,"minecraft:spruce_trapdoor":2,"ecologics:crab_claw":1,"minecraft:stick":5,"minecraft:raw_iron":7,"minecraft:pumpkin":37,"minecraft:sweet_berries":10,"minecraft:spruce_sapling":4,"tombstone:grave_dust":2,"minecraft:white_bed":3,"minecraft:spruce_log":109,"luminousworld:decorative_brown_mushroom_1":1,"minecraft:pumpkin_seeds":8,"minecraft:rotten_flesh":6,"minecraft:granite":6,"minecraft:carved_pumpkin":1,"minecraft:grass":2,"supplementaries:ash":1,"minecraft:jack_o_lantern":1,"minecraft:oak_sapling":5,"minecraft:black_wool":4,"minecraft:white_wool":7,"minecraft:coal":18,"iceandfire:raw_silver":7,"minecraft:cobblestone":45}},"DataVersion":3465}