{"stats":{"minecraft:crafted":{"minecraft:crafting_table":1,"ecologics:coconut_planks":12,"minecraft:iron_sword":1,"minecraft:shears":1},"minecraft:used":{"minecraft:apple":3,"minecraft:bread":2,"minecraft:iron_pickaxe":2,"minecraft:iron_sword":21,"ecologics:coconut_planks":8,"minecraft:dirt":1,"minecraft:crafting_table":1,"tombstone:gift":4,"minecraft:experience_bottle":2,"minecraft:brown_bed":2},"minecraft:killed_by":{"iceandfire:ghost":3,"minecraft:zombie":1},"minecraft:killed":{"minecraft:horse":4},"minecraft:picked_up":{"luminousworld:groundpebbles_1":4,"born_in_chaos_v1:river_mint":2,"minecraft:black_bed":1,"minecraft:leather":2,"ecologics:seashell":1,"minecraft:brown_bed":2,"minecraft:sand":1,"minecraft:dirt":1,"minecraft:stone_bricks":1,"ecologics:coconut_log":3,"minecraft:sugar_cane":3,"undead_revamp2:arapholia":2,"minecraft:white_wool":3},"minecraft:custom":{"minecraft:time_since_rest":8330,"minecraft:interact_with_furnace":2,"minecraft:sprint_one_cm":92129,"minecraft:damage_taken":1943,"minecraft:walk_one_cm":94170,"minecraft:trigger_trapped_chest":1,"minecraft:mob_kills":4,"minecraft:damage_dealt":1618,"minecraft:swim_one_cm":13186,"minecraft:interact_with_crafting_table":1,"minecraft:tune_noteblock":22,"minecraft:fly_one_cm":165914,"minecraft:open_chest":10,"minecraft:crouch_one_cm":3099,"minecraft:play_time":28218,"minecraft:deaths":7,"minecraft:sneak_time":952,"minecraft:walk_under_water_one_cm":4979,"minecraft:jump":596,"minecraft:time_since_death":9158,"minecraft:walk_on_water_one_cm":10224,"minecraft:sleep_in_bed":2,"minecraft:climb_one_cm":6599,"minecraft:total_world_time":28218,"minecraft:fall_one_cm":18628,"minecraft:horse_one_cm":7301},"minecraft:mined":{"undead_revamp2:arapholia":2,"minecraft:fire":1,"minecraft:black_bed":1,"minecraft:brown_bed":2,"minecraft:grass":14,"minecraft:grass_block":2,"minecraft:sand":2,"minecraft:tall_grass":1,"ecologics:coconut_log":3,"minecraft:stone_bricks":2,"minecraft:sugar_cane":1}},"DataVersion":3465}