{"stats":{"minecraft:used":{"minecraft:iron_shovel":13,"minecraft:spruce_slab":1,"minecraft:stone":1,"minecraft:iron_sword":270,"minecraft:bell":1,"ecologics:coconut_planks":8,"minecraft:iron_chestplate":1,"minecraft:carrot":12,"minecraft:acacia_sapling":4,"born_in_chaos_v1:smoked_flesh":3,"minecraft:cyan_terracotta":2,"quark:deepslate_furnace":1,"tombstone:tablet_of_cupidity":2,"minecraft:lantern":5,"minecraft:iron_helmet":2,"iceandfire:copper_pickaxe":17,"minecraft:stone_bricks":1,"minecraft:item_frame":3,"minecraft:rabbit_stew":1,"supplementaries:bomb_blue":1,"minecraft:furnace":2,"minecraft:skeleton_skull":1,"minecraft:diorite":3,"minecraft:leather_leggings":1,"minecraft:diamond_boots":2,"minecraft:stone_pickaxe":90,"minecraft:oak_planks":6,"minecraft:wooden_pickaxe":5,"minecraft:leather_chestplate":2,"minecraft:sugar_cane":3,"minecraft:cookie":10,"minecraft:golden_apple":1,"minecraft:glow_berries":19,"minecraft:sand":1,"minecraft:mushroom_stew":1,"minecraft:black_bed":2,"minecraft:shears":2,"iceandfire:armor_copper_metal_chestplate":1,"minecraft:firework_rocket":1,"minecraft:bread":38,"minecraft:stone_button":2,"minecraft:string":10,"iceandfire:copper_hoe":2,"minecraft:gravel":15,"ecologics:coconut_slice":10,"minecraft:andesite":2,"minecraft:chest_minecart":1,"minecraft:golden_pickaxe":30,"minecraft:bone_meal":6,"minecraft:experience_bottle":2,"minecraft:cobweb":2,"minecraft:stone_sword":99,"iceandfire:armor_copper_metal_leggings":1,"minecraft:cooked_chicken":1,"minecraft:oak_door":1,"minecraft:torch":36,"iceandfire:armor_copper_metal_boots":1,"minecraft:dirt":50,"minecraft:white_carpet":7,"iceandfire:copper_sword":174,"ecologics:seashell":1,"minecraft:granite":8,"minecraft:spruce_fence":2,"minecraft:iron_axe":28,"minecraft:oak_stairs":1,"minecraft:barrel":2,"minecraft:bamboo":1,"tombstone:gift":11,"minecraft:cooked_beef":4,"minecraft:cobbled_deepslate":65,"minecraft:golden_axe":4,"minecraft:iron_leggings":1,"minecraft:brown_bed":2,"luminousworld:ishstone":22,"minecraft:cobblestone_slab":3,"minecraft:mossy_cobblestone":2,"minecraft:oak_slab":2,"minecraft:crafting_table":9,"minecraft:magenta_bed":2,"minecraft:white_bed":3,"minecraft:campfire":1,"minecraft:cake":3,"minecraft:smoker":1,"minecraft:oak_log":5,"tombstone:bag_of_seeds":4,"minecraft:diamond_pickaxe":118,"minecraft:apple":4,"ecologics:tropical_stew":1,"minecraft:chicken":1,"minecraft:iron_pickaxe":455,"minecraft:leather_helmet":2,"minecraft:stone_axe":21,"minecraft:cobblestone":50,"minecraft:white_banner":1,"enemyexpansion:horsehead_helmet":1,"minecraft:dandelion":4,"minecraft:chainmail_leggings":1},"minecraft:broken":{"minecraft:iron_sword":1,"minecraft:stone_sword":1,"minecraft:iron_pickaxe":1,"minecraft:iron_helmet":1,"minecraft:golden_pickaxe":1,"aether:leather_gloves":1},"minecraft:dropped":{"minecraft:iron_sword":1,"minecraft:glow_ink_sac":3,"luminousworld:white_petunias":3,"minecraft:leather":1,"minecraft:honeycomb":1,"minecraft:leather_helmet":2,"minecraft:item_frame":14,"minecraft:flint":8,"minecraft:dirt":32,"iceandfire:sea_serpent_scales_red":4,"minecraft:sand":6,"minecraft:white_wool":4,"minecraft:bone":5,"minecraft:gravel":7,"minecraft:stone_axe":1,"minecraft:wheat":14,"minecraft:rotten_flesh":9,"minecraft:leather_chestplate":1,"supplementaries:flax_seeds":8,"supplementaries:ash":20,"minecraft:gunpowder":1,"minecraft:acacia_sapling":1,"iceandfire:bestiary":1,"minecraft:leather_leggings":1,"minecraft:arrow":5,"minecraft:beef":11,"minecraft:purple_carpet":38,"minecraft:enchanted_book":1,"minecraft:wheat_seeds":49,"luminousworld:ishstone":1,"minecraft:cobblestone":11,"minecraft:granite":4,"minecraft:oxeye_daisy":1,"born_in_chaos_v1:river_mint":1,"tombstone:grave_key":1,"minecraft:map":2,"minecraft:paper":1,"minecraft:string":3,"ecologics:coconut_planks":8,"minecraft:bowl":3,"minecraft:tuff":2,"minecraft:clay_ball":10,"luminousworld:yellow_grassflowers":1,"minecraft:stone":1,"luminousworld:groundpebbles_1":1,"minecraft:andesite":13,"minecraft:oak_boat":1,"minecraft:oak_sapling":2,"minecraft:slime_ball":1,"ecologics:seashell":1},"minecraft:custom":{"minecraft:animals_bred":1,"minecraft:interact_with_crafting_table":38,"minecraft:open_barrel":38,"minecraft:eat_cake_slice":12,"minecraft:leave_game":4,"minecraft:time_since_death":39911,"minecraft:sprint_one_cm":973383,"minecraft:drop":144,"minecraft:talked_to_villager":22,"minecraft:play_time":445458,"minecraft:deaths":37,"minecraft:jump":7511,"minecraft:interact_with_brewingstand":1,"minecraft:walk_on_water_one_cm":72513,"minecraft:interact_with_furnace":32,"minecraft:traded_with_villager":1,"minecraft:interact_with_cartography_table":1,"minecraft:sleep_in_bed":18,"minecraft:damage_dealt":23401,"minecraft:crouch_one_cm":80974,"tombstone:undead_killed":66,"minecraft:interact_with_smoker":3,"minecraft:horse_one_cm":163212,"minecraft:interact_with_smithing_table":1,"minecraft:mob_kills":105,"minecraft:damage_dealt_resisted":60,"minecraft:climb_one_cm":113161,"minecraft:walk_one_cm":949770,"minecraft:sneak_time":36989,"minecraft:walk_under_water_one_cm":60223,"minecraft:interact_with_blast_furnace":2,"minecraft:total_world_time":445458,"tombstone:raider_killed":2,"minecraft:tune_noteblock":24,"minecraft:time_since_rest":37512,"minecraft:damage_taken":12423,"minecraft:damage_absorbed":20,"minecraft:trigger_trapped_chest":1,"tombstone:cast_on_ally":0,"minecraft:swim_one_cm":132449,"minecraft:fly_one_cm":1426111,"minecraft:open_chest":42,"minecraft:fall_one_cm":191462},"minecraft:picked_up":{"minecraft:wheat":44,"iceandfire:copper_sword":1,"minecraft:oak_stairs":1,"minecraft:brown_bed":2,"minecraft:enchanted_book":2,"minecraft:string":22,"minecraft:raw_copper":22,"minecraft:cobbled_deepslate":131,"minecraft:gold_nugget":23,"minecraft:smooth_stone":25,"minecraft:coal_block":7,"ecologics:crab_claw":1,"minecraft:stick":4,"minecraft:torch":29,"minecraft:diorite":3,"tombstone:grave_dust":9,"minecraft:stone_sword":1,"minecraft:rotten_flesh":45,"luminousworld:yellow_grassflowers":1,"ecologics:coconut_log":5,"minecraft:cyan_terracotta":4,"supplementaries:ash":19,"undead_revamp2:arapholia":2,"minecraft:cobblestone":346,"minecraft:birch_log":5,"minecraft:andesite":26,"ecologics:coconut_planks":3,"minecraft:black_bed":2,"minecraft:flint":8,"minecraft:tuff":2,"supplementaries:flax_seeds":7,"minecraft:magenta_bed":2,"minecraft:map":2,"minecraft:dirt":121,"minecraft:lantern":5,"minecraft:purple_carpet":37,"minecraft:bone":22,"minecraft:wheat_seeds":105,"minecraft:raw_gold":10,"minecraft:bell":1,"minecraft:oak_planks":5,"minecraft:honeycomb":3,"minecraft:sand":7,"minecraft:mossy_cobblestone":4,"alexsmobs:animal_dictionary":1,"minecraft:barrel":2,"minecraft:diamond":7,"luminousworld:yellowpetunias":1,"luminousworld:blueberry":5,"minecraft:granite":19,"minecraft:bone_meal":1,"minecraft:emerald":7,"minecraft:oak_sapling":4,"iceandfire:raw_silver":2,"minecraft:cocoa_beans":2,"luminousworld:groundpebbles_1":10,"minecraft:coarse_dirt":1,"minecraft:crafting_table":1,"minecraft:chicken":1,"born_in_chaos_v1:river_mint":3,"minecraft:clay_ball":10,"ecologics:seashell":2,"minecraft:iron_axe":1,"minecraft:white_carpet":7,"minecraft:item_frame":19,"minecraft:iron_shovel":1,"iceandfire:bestiary":3,"minecraft:beef":27,"minecraft:oak_boat":1,"minecraft:spruce_slab":2,"minecraft:sugar_cane":3,"minecraft:spruce_trapdoor":2,"minecraft:raw_iron":22,"minecraft:stone":1,"ecologics:coconut_slice":46,"minecraft:copper_ingot":39,"minecraft:bowl":1,"minecraft:spruce_fence":1,"minecraft:cake":1,"minecraft:stone_button":1,"minecraft:carrot":13,"minecraft:redstone":13,"twilightforest:magic_beans":1,"minecraft:arrow":6,"minecraft:hay_block":19,"minecraft:white_wool":5,"minecraft:skeleton_skull":2,"minecraft:rail":5,"minecraft:oxeye_daisy":1,"minecraft:stripped_oak_log":2,"enemyexpansion:horsehead_helmet":1,"iceandfire:sea_serpent_fang":8,"minecraft:glow_ink_sac":3,"luminousworld:ishstone":18,"minecraft:leather":15,"minecraft:oak_log":42,"minecraft:gunpowder":4,"minecraft:paper":1,"minecraft:white_banner":7,"tombstone:gift":1,"minecraft:apple":1,"minecraft:stone_bricks":4,"minecraft:cooked_chicken":1,"minecraft:cobweb":4,"tombstone:bag_of_seeds":2,"luminousworld:white_petunias":3,"minecraft:iron_sword":3,"minecraft:dandelion":18,"minecraft:torchflower_seeds":3,"minecraft:gravel":35,"minecraft:amethyst_shard":14,"minecraft:white_bed":3,"minecraft:firework_rocket":1,"iceandfire:sea_serpent_scales_red":4,"tombstone:magic_scroll":1,"minecraft:black_wool":3,"minecraft:coal":12},"minecraft:mined":{"undead_revamp2:arapholia":2,"minecraft:white_bed":2,"minecraft:granite":16,"minecraft:grass_block":28,"minecraft:coal_block":8,"minecraft:smooth_stone":26,"minecraft:mossy_cobblestone_stairs":1,"minecraft:cobbled_deepslate":3,"minecraft:iron_ore":7,"minecraft:fire":1,"minecraft:barrel":1,"minecraft:brown_bed":2,"minecraft:skeleton_wall_skull":2,"minecraft:tripwire":7,"minecraft:deepslate_redstone_ore":2,"minecraft:cyan_terracotta":7,"born_in_chaos_v1:infected_deepslate_diamond_ore":1,"minecraft:torch":3,"minecraft:cobblestone":64,"minecraft:sugar_cane":1,"minecraft:oak_planks":5,"minecraft:wall_torch":4,"minecraft:birch_log":5,"minecraft:wheat":1,"minecraft:magenta_bed":1,"minecraft:black_bed":2,"minecraft:smooth_stone_slab":1,"minecraft:grass":58,"minecraft:oak_log":42,"minecraft:sand":10,"minecraft:dirt":39,"luminousworld:grassvariant_3":7,"born_in_chaos_v1:infernal_evil_pumpkin_s":1,"minecraft:oak_leaves":20,"minecraft:deepslate":137,"minecraft:tuff":2,"iceandfire:silver_ore":2,"minecraft:mossy_cobblestone":4,"minecraft:deepslate_diamond_ore":7,"luminousworld:grassvariant_4":3,"luminousworld:grassvariant_2":6,"ecologics:coconut_log":5,"minecraft:hay_block":19,"luminousworld:sunset_petunias":1,"minecraft:andesite":42,"minecraft:deepslate_iron_ore":15,"minecraft:stripped_oak_log":2,"minecraft:stone":304,"minecraft:dandelion":17,"minecraft:crafting_table":1,"luminousworld:grassflowers":1,"minecraft:tall_grass":15,"minecraft:copper_ore":10,"minecraft:deepslate_gold_ore":6,"minecraft:diorite":4,"supplementaries:urn":18,"minecraft:coarse_dirt":1,"minecraft:ice":3,"minecraft:coal_ore":12,"minecraft:gravel":26,"minecraft:cobweb":3,"minecraft:stone_bricks":5},"minecraft:killed":{"minecraft:skeleton":1,"ecologics:coconut_crab":1,"undead_revamp2:therod":26,"luminousworld:crab":2,"minecraft:pillager":1,"minecraft:zombie":31,"born_in_chaos_v1:corpse_fly":1,"enemyexpansion:botfly":3,"takesapillage:archer":1,"minecraft:cow":4,"undead_revamp2:theimmortal":3,"luminousworld:sunken_skeleton":1,"quark:toretoise":1,"enemyexpansion:direwolf":2,"born_in_chaos_v1:maggot":3,"minecraft:horse":4,"earthmobsmod:bouldering_zombie":1,"undead_revamp2:the_moonflower":1,"born_in_chaos_v1:decrepit_skeleton":1,"enemyexpansion:huntsman":2},"minecraft:killed_by":{"minecraft:drowned":1,"iceandfire:sea_serpent":2,"born_in_chaos_v1:diamond_termite":1,"iceandfire:ice_dragon":11,"minecraft:zombie":5,"enemyexpansion:invisicreeper":1,"undead_revamp2:thespitter":1,"takesapillage:archer":1,"mowziesmobs:ferrous_wroughtnaut":1,"mutantmonsters:mutant_skeleton":1,"minecraft:skeleton":1,"earthmobsmod:lobber_zombie":1,"iceandfire:ghost":4},"minecraft:crafted":{"minecraft:oak_planks":65,"minecraft:cobblestone_slab":6,"quark:deepslate_furnace":1,"iceandfire:armor_copper_metal_boots":1,"iceandfire:armor_copper_metal_chestplate":1,"iceandfire:copper_pickaxe":1,"minecraft:smoker":1,"minecraft:oak_slab":6,"minecraft:emerald":1,"minecraft:crafting_table":8,"minecraft:wooden_pickaxe":1,"minecraft:golden_pickaxe":1,"minecraft:copper_ingot":8,"minecraft:birch_planks":4,"minecraft:campfire":1,"iceandfire:copper_sword":1,"iceandfire:copper_hoe":1,"minecraft:string":4,"minecraft:charcoal":6,"born_in_chaos_v1:smoked_flesh":5,"minecraft:stick":28,"minecraft:iron_ingot":11,"minecraft:iron_pickaxe":2,"minecraft:gold_ingot":6,"minecraft:black_bed":1,"minecraft:shears":1,"minecraft:cookie":16,"minecraft:oak_door":3,"minecraft:saddle":1,"ecologics:coconut_planks":20,"minecraft:furnace":3,"iceandfire:armor_copper_metal_leggings":1,"minecraft:bone_meal":6,"minecraft:iron_axe":1,"minecraft:stone_pickaxe":1,"ecologics:tropical_stew":1,"minecraft:wheat":171,"ecologics:crab_meat":1,"minecraft:cooked_beef":4,"minecraft:iron_sword":2,"minecraft:stone_axe":1,"minecraft:bread":68,"minecraft:air":0,"minecraft:torch":16}},"DataVersion":3465}