{"stats":{"minecraft:custom":{"minecraft:time_since_rest":2170,"minecraft:sprint_one_cm":34698,"minecraft:damage_taken":320,"minecraft:walk_one_cm":41676,"minecraft:mob_kills":2,"minecraft:damage_dealt":380,"minecraft:talked_to_villager":1,"minecraft:swim_one_cm":477,"minecraft:interact_with_crafting_table":2,"minecraft:fly_one_cm":29422,"minecraft:open_chest":3,"minecraft:crouch_one_cm":65,"minecraft:play_time":13441,"minecraft:deaths":1,"minecraft:sneak_time":60,"minecraft:walk_under_water_one_cm":102,"minecraft:jump":219,"minecraft:time_since_death":2742,"minecraft:walk_on_water_one_cm":616,"minecraft:sleep_in_bed":2,"minecraft:climb_one_cm":154,"minecraft:total_world_time":13441,"minecraft:fall_one_cm":6217},"minecraft:killed_by":{"born_in_chaos_v1:corpse_fly":1},"minecraft:mined":{"luminousworld:groundpebbles_1":1,"minecraft:white_bed":2,"ecologics:seashell":1,"minecraft:spruce_log":5,"minecraft:carved_pumpkin":1,"minecraft:grass":2,"supplementaries:wild_flax":2,"luminousworld:decorative_brown_mushroom_1":1,"minecraft:spruce_leaves":6,"minecraft:oak_leaves":2,"minecraft:fern":1},"minecraft:crafted":{"minecraft:crafting_table":2,"minecraft:spruce_planks":20,"minecraft:stick":4,"minecraft:wooden_pickaxe":1,"minecraft:white_bed":1},"minecraft:used":{"ecologics:crab_claw":5,"minecraft:carved_pumpkin":1,"luminousworld:blackberry":2,"minecraft:wooden_pickaxe":2,"luminousworld:groundpebbles_1":1,"minecraft:grass":2,"minecraft:rotten_flesh":1,"minecraft:spruce_leaves":3,"supplementaries:ash":1,"minecraft:crafting_table":2,"minecraft:white_bed":2,"luminousworld:decorative_brown_mushroom_1":1},"minecraft:killed":{"born_in_chaos_v1:corpse_fly":2},"minecraft:picked_up":{"minecraft:spruce_leaves":3,"born_in_chaos_v1:corpse_maggot":2,"luminousworld:groundpebbles_1":1,"luminousworld:blackberry":4,"minecraft:leather":1,"ecologics:seashell":1,"supplementaries:flax_seeds":2,"minecraft:white_bed":2,"minecraft:spruce_log":8,"minecraft:dirt":16,"luminousworld:decorative_brown_mushroom_1":1,"minecraft:rotten_flesh":1,"minecraft:beef":2,"minecraft:carved_pumpkin":1,"minecraft:grass":2,"supplementaries:ash":1,"minecraft:spruce_trapdoor":2,"minecraft:white_wool":4,"ecologics:crab_claw":1}},"DataVersion":3465}