{"stats":{"minecraft:crafted":{"minecraft:saddle":1,"minecraft:oak_planks":8,"ecologics:coconut_planks":20,"minecraft:furnace":1,"minecraft:bone_meal":6,"ecologics:tropical_stew":1,"ecologics:crab_meat":1,"minecraft:cooked_beef":4,"minecraft:emerald":1,"minecraft:crafting_table":2,"minecraft:iron_sword":1,"minecraft:campfire":1,"minecraft:stone_axe":1,"minecraft:air":0,"minecraft:string":4,"minecraft:stick":8,"minecraft:black_bed":1,"minecraft:torch":8,"minecraft:shears":1},"minecraft:used":{"minecraft:stone":1,"minecraft:iron_sword":76,"ecologics:coconut_planks":8,"minecraft:torch":6,"minecraft:dirt":6,"ecologics:seashell":1,"minecraft:carrot":11,"minecraft:acacia_sapling":4,"minecraft:lantern":1,"minecraft:stone_bricks":1,"minecraft:bamboo":1,"minecraft:furnace":1,"tombstone:gift":4,"minecraft:skeleton_skull":1,"minecraft:cooked_beef":4,"minecraft:iron_leggings":1,"minecraft:brown_bed":2,"minecraft:diamond_boots":1,"minecraft:leather_chestplate":1,"minecraft:sugar_cane":3,"minecraft:crafting_table":3,"minecraft:mushroom_stew":1,"minecraft:white_bed":1,"minecraft:campfire":1,"minecraft:black_bed":2,"minecraft:shears":2,"minecraft:cake":1,"minecraft:apple":3,"ecologics:tropical_stew":1,"minecraft:chicken":1,"minecraft:bread":5,"minecraft:iron_pickaxe":59,"minecraft:leather_helmet":1,"minecraft:stone_axe":21,"ecologics:coconut_slice":4,"minecraft:dandelion":1,"minecraft:bone_meal":6,"minecraft:experience_bottle":2},"minecraft:dropped":{"minecraft:enchanted_book":1,"minecraft:wheat_seeds":46,"minecraft:leather":1,"minecraft:honeycomb":1,"minecraft:oxeye_daisy":1,"minecraft:paper":1,"minecraft:white_wool":4,"minecraft:stone_axe":1,"ecologics:coconut_planks":8,"minecraft:bowl":1,"minecraft:wheat":14,"minecraft:rotten_flesh":6,"minecraft:stone":1,"minecraft:acacia_sapling":1,"iceandfire:bestiary":1,"minecraft:leather_leggings":1,"minecraft:slime_ball":1,"ecologics:seashell":1},"minecraft:killed_by":{"minecraft:drowned":1,"minecraft:zombie":1,"iceandfire:ghost":3},"minecraft:killed":{"luminousworld:sunken_skeleton":1,"enemyexpansion:direwolf":1,"minecraft:horse":4,"ecologics:coconut_crab":1,"born_in_chaos_v1:decrepit_skeleton":1,"minecraft:zombie":1,"takesapillage:archer":1,"minecraft:cow":4},"minecraft:picked_up":{"luminousworld:groundpebbles_1":5,"minecraft:crafting_table":1,"minecraft:wheat":17,"minecraft:chicken":1,"born_in_chaos_v1:river_mint":2,"ecologics:seashell":2,"minecraft:brown_bed":2,"minecraft:enchanted_book":1,"minecraft:raw_copper":7,"iceandfire:bestiary":3,"minecraft:beef":7,"minecraft:sugar_cane":3,"minecraft:coal_block":7,"ecologics:crab_claw":1,"minecraft:stone":1,"ecologics:coconut_slice":34,"minecraft:torch":2,"tombstone:grave_dust":3,"minecraft:carrot":12,"minecraft:stone_sword":1,"minecraft:rotten_flesh":6,"ecologics:coconut_log":5,"minecraft:hay_block":6,"minecraft:cobblestone":30,"minecraft:skeleton_skull":2,"undead_revamp2:arapholia":2,"minecraft:white_wool":5,"minecraft:oxeye_daisy":1,"minecraft:andesite":4,"ecologics:coconut_planks":3,"minecraft:black_bed":2,"minecraft:leather":6,"minecraft:oak_log":5,"minecraft:dirt":36,"minecraft:lantern":1,"minecraft:bone":2,"minecraft:stone_bricks":1,"minecraft:wheat_seeds":46,"minecraft:honeycomb":3,"minecraft:dandelion":17,"minecraft:sand":6,"minecraft:white_bed":1,"minecraft:oak_sapling":1,"minecraft:black_wool":3,"minecraft:coal":10},"minecraft:broken":{"aether:leather_gloves":1},"minecraft:custom":{"minecraft:interact_with_smithing_table":1,"minecraft:mob_kills":14,"minecraft:animals_bred":1,"minecraft:interact_with_crafting_table":9,"minecraft:open_barrel":5,"minecraft:eat_cake_slice":1,"minecraft:time_since_death":72083,"minecraft:climb_one_cm":8193,"minecraft:sprint_one_cm":339962,"minecraft:walk_one_cm":344007,"minecraft:drop":65,"minecraft:talked_to_villager":21,"minecraft:play_time":112218,"minecraft:deaths":9,"minecraft:sneak_time":4018,"minecraft:walk_under_water_one_cm":11266,"minecraft:jump":2095,"minecraft:interact_with_blast_furnace":2,"minecraft:walk_on_water_one_cm":14623,"minecraft:total_world_time":112218,"minecraft:interact_with_furnace":14,"tombstone:raider_killed":1,"minecraft:traded_with_villager":1,"minecraft:tune_noteblock":24,"minecraft:sleep_in_bed":8,"minecraft:time_since_rest":12773,"minecraft:damage_taken":3011,"minecraft:trigger_trapped_chest":1,"minecraft:damage_dealt":3760,"minecraft:swim_one_cm":15909,"minecraft:fly_one_cm":493695,"minecraft:open_chest":18,"minecraft:crouch_one_cm":12128,"tombstone:undead_killed":2,"minecraft:interact_with_smoker":1,"minecraft:fall_one_cm":58713,"minecraft:horse_one_cm":77909},"minecraft:mined":{"undead_revamp2:arapholia":2,"luminousworld:grassvariant_4":1,"minecraft:grass_block":15,"luminousworld:grassvariant_2":3,"minecraft:coal_block":8,"ecologics:coconut_log":5,"minecraft:hay_block":6,"luminousworld:sunset_petunias":1,"minecraft:fire":1,"minecraft:andesite":4,"minecraft:brown_bed":2,"minecraft:skeleton_wall_skull":2,"minecraft:stone":30,"minecraft:dandelion":17,"minecraft:crafting_table":1,"minecraft:torch":2,"luminousworld:grassflowers":1,"minecraft:copper_ore":2,"minecraft:tall_grass":9,"minecraft:sugar_cane":1,"minecraft:wall_torch":1,"minecraft:wheat":1,"minecraft:black_bed":2,"minecraft:grass":38,"minecraft:coal_ore":10,"minecraft:oak_log":5,"minecraft:sand":8,"minecraft:dirt":23,"luminousworld:grassvariant_3":4,"minecraft:stone_bricks":2,"minecraft:oak_leaves":11}},"DataVersion":3465}