{"stats":{"minecraft:used":{"minecraft:iron_shovel":13,"minecraft:spruce_slab":2,"minecraft:stone":1,"minecraft:iron_sword":970,"ecologics:coconut_planks":8,"minecraft:bell":1,"minecraft:iron_chestplate":1,"minecraft:carrot":12,"minecraft:acacia_sapling":4,"born_in_chaos_v1:corpse_maggot":7,"born_in_chaos_v1:smoked_flesh":62,"minecraft:cyan_terracotta":2,"quark:deepslate_furnace":1,"tombstone:tablet_of_cupidity":2,"minecraft:lantern":5,"minecraft:polished_andesite_stairs":3,"minecraft:iron_helmet":2,"iceandfire:copper_pickaxe":17,"minecraft:stone_bricks":1,"minecraft:item_frame":3,"minecraft:rabbit_stew":1,"supplementaries:bomb_blue":1,"minecraft:oak_sapling":2,"minecraft:furnace":2,"minecraft:beetroot_seeds":3,"minecraft:skeleton_skull":1,"minecraft:diorite":3,"minecraft:leather_leggings":1,"minecraft:diamond_boots":2,"minecraft:stone_pickaxe":90,"minecraft:oak_planks":6,"minecraft:leather_chestplate":2,"minecraft:wooden_pickaxe":5,"minecraft:sugar_cane":3,"minecraft:cookie":10,"minecraft:glow_berries":25,"minecraft:golden_apple":2,"minecraft:sand":1,"minecraft:mushroom_stew":1,"minecraft:black_bed":2,"minecraft:pumpkin_seeds":1,"minecraft:shears":2,"iceandfire:armor_copper_metal_chestplate":1,"minecraft:firework_rocket":1,"minecraft:stone_button":2,"minecraft:bread":38,"minecraft:string":16,"iceandfire:copper_hoe":2,"minecraft:gravel":19,"ecologics:coconut_slice":10,"minecraft:andesite":9,"minecraft:chest_minecart":1,"minecraft:coarse_dirt":3,"minecraft:cobweb":2,"minecraft:golden_pickaxe":50,"minecraft:bone_meal":6,"minecraft:experience_bottle":2,"quark:birch_chest":2,"minecraft:stone_sword":150,"iceandfire:armor_copper_metal_leggings":1,"minecraft:stone_hoe":7,"minecraft:cooked_chicken":1,"minecraft:oak_door":1,"endrem:lost_eye":1,"minecraft:torch":60,"iceandfire:armor_copper_metal_boots":1,"minecraft:dirt":50,"minecraft:white_carpet":7,"iceandfire:copper_sword":174,"ecologics:seashell":1,"minecraft:granite":8,"minecraft:spruce_fence":2,"tombstone:ankh_of_pray":7,"minecraft:iron_axe":40,"minecraft:oak_stairs":1,"minecraft:barrel":2,"minecraft:bamboo":1,"tombstone:gift":11,"minecraft:cooked_beef":4,"minecraft:cobbled_deepslate":65,"minecraft:brown_bed":2,"minecraft:golden_axe":4,"minecraft:iron_leggings":1,"minecraft:wheat_seeds":1,"minecraft:polished_andesite":4,"luminousworld:ishstone":22,"minecraft:cobblestone_slab":5,"minecraft:mossy_cobblestone":6,"minecraft:oak_slab":2,"minecraft:crafting_table":9,"minecraft:magenta_bed":2,"minecraft:white_bed":3,"minecraft:campfire":1,"minecraft:cake":3,"minecraft:smoker":1,"tombstone:bag_of_seeds":6,"minecraft:oak_log":5,"minecraft:diamond_pickaxe":307,"minecraft:apple":4,"ecologics:tropical_stew":1,"minecraft:chicken":1,"minecraft:iron_pickaxe":455,"tombstone:magic_scroll":1,"minecraft:leather_helmet":2,"minecraft:stone_axe":21,"minecraft:cobblestone":55,"minecraft:white_banner":2,"minecraft:stripped_oak_log":1,"enemyexpansion:horsehead_helmet":1,"minecraft:dandelion":4,"minecraft:chainmail_leggings":1},"minecraft:broken":{"minecraft:iron_sword":4,"minecraft:stone_sword":1,"minecraft:leather_chestplate":1,"minecraft:iron_pickaxe":1,"minecraft:iron_helmet":1,"minecraft:golden_pickaxe":1,"aether:leather_gloves":1},"minecraft:dropped":{"twilightforest:magic_beans":2,"minecraft:iron_sword":1,"minecraft:glow_ink_sac":3,"luminousworld:white_petunias":3,"minecraft:leather":1,"minecraft:honeycomb":1,"minecraft:leather_helmet":2,"minecraft:item_frame":14,"minecraft:flint":9,"minecraft:cyan_terracotta":1,"minecraft:dirt":32,"iceandfire:sea_serpent_scales_red":4,"minecraft:sand":6,"minecraft:white_wool":4,"minecraft:bone":5,"minecraft:gravel":7,"minecraft:stone_axe":1,"minecraft:cobbled_deepslate":1,"minecraft:wheat":14,"minecraft:rotten_flesh":9,"minecraft:poppy":2,"minecraft:leather_chestplate":1,"supplementaries:flax_seeds":8,"supplementaries:ash":20,"minecraft:gunpowder":1,"minecraft:charcoal":4,"minecraft:beetroot_seeds":2,"born_in_chaos_v1:corpse_maggot":9,"minecraft:acacia_sapling":1,"iceandfire:bestiary":1,"minecraft:leather_leggings":1,"minecraft:arrow":5,"minecraft:beef":11,"minecraft:purple_carpet":38,"minecraft:enchanted_book":1,"minecraft:wheat_seeds":49,"luminousworld:ishstone":1,"minecraft:mossy_cobblestone":3,"minecraft:iron_helmet":1,"minecraft:cobblestone":15,"minecraft:granite":4,"minecraft:oxeye_daisy":1,"born_in_chaos_v1:river_mint":1,"tombstone:grave_key":2,"minecraft:map":2,"minecraft:white_banner":6,"minecraft:mossy_cobblestone_stairs":3,"minecraft:paper":1,"minecraft:string":20,"ecologics:coconut_planks":8,"minecraft:bowl":3,"minecraft:tuff":2,"minecraft:clay_ball":10,"luminousworld:yellow_grassflowers":1,"minecraft:cobblestone_slab":3,"minecraft:stone":1,"luminousworld:groundpebbles_1":1,"minecraft:andesite":14,"minecraft:oak_boat":1,"minecraft:oak_sapling":2,"minecraft:slime_ball":1,"ecologics:seashell":1},"minecraft:custom":{"minecraft:animals_bred":1,"minecraft:interact_with_crafting_table":50,"minecraft:open_barrel":39,"minecraft:eat_cake_slice":12,"minecraft:leave_game":5,"minecraft:time_since_death":4846,"minecraft:sprint_one_cm":1041934,"minecraft:drop":180,"minecraft:talked_to_villager":22,"minecraft:play_time":528624,"minecraft:deaths":42,"minecraft:jump":8637,"minecraft:interact_with_brewingstand":1,"minecraft:walk_on_water_one_cm":79411,"minecraft:interact_with_furnace":37,"minecraft:traded_with_villager":1,"minecraft:interact_with_cartography_table":1,"minecraft:sleep_in_bed":22,"minecraft:damage_dealt":47697,"minecraft:crouch_one_cm":114761,"tombstone:undead_killed":191,"minecraft:interact_with_smoker":36,"minecraft:horse_one_cm":163212,"minecraft:interact_with_smithing_table":1,"minecraft:mob_kills":298,"minecraft:damage_dealt_resisted":347,"minecraft:climb_one_cm":129686,"minecraft:walk_one_cm":1088474,"minecraft:damage_dealt_absorbed":34,"minecraft:sneak_time":49369,"minecraft:walk_under_water_one_cm":65552,"minecraft:interact_with_blast_furnace":2,"minecraft:total_world_time":528624,"tombstone:raider_killed":3,"minecraft:tune_noteblock":24,"minecraft:time_since_rest":4470,"minecraft:damage_taken":15728,"minecraft:damage_absorbed":20,"minecraft:trigger_trapped_chest":1,"tombstone:cast_on_ally":0,"minecraft:swim_one_cm":152378,"minecraft:fly_one_cm":1520962,"minecraft:open_chest":53,"minecraft:fall_one_cm":211690},"minecraft:picked_up":{"minecraft:wheat":44,"iceandfire:copper_sword":1,"minecraft:oak_stairs":1,"minecraft:brown_bed":2,"minecraft:enchanted_book":2,"minecraft:string":57,"minecraft:raw_copper":22,"minecraft:cobbled_deepslate":132,"minecraft:gold_nugget":73,"minecraft:smooth_stone":28,"minecraft:coal_block":7,"ecologics:crab_claw":1,"minecraft:stick":4,"minecraft:torch":43,"tombstone:grave_dust":18,"minecraft:diorite":3,"minecraft:stone_sword":1,"minecraft:rotten_flesh":108,"luminousworld:yellow_grassflowers":1,"ecologics:coconut_log":5,"minecraft:cyan_terracotta":13,"supplementaries:ash":28,"undead_revamp2:arapholia":2,"minecraft:cobblestone":417,"minecraft:birch_log":5,"minecraft:andesite":37,"ecologics:coconut_planks":3,"minecraft:black_bed":2,"minecraft:flint":9,"minecraft:tuff":2,"supplementaries:flax_seeds":7,"minecraft:magenta_bed":2,"minecraft:map":2,"minecraft:dirt":121,"minecraft:lantern":5,"minecraft:purple_carpet":37,"minecraft:bone":43,"minecraft:wheat_seeds":106,"minecraft:raw_gold":13,"minecraft:bell":1,"minecraft:oak_planks":5,"minecraft:honeycomb":3,"minecraft:sand":7,"minecraft:mossy_cobblestone":11,"alexsmobs:animal_dictionary":1,"minecraft:barrel":2,"minecraft:bundle":1,"minecraft:iron_hoe":1,"minecraft:polished_andesite":5,"minecraft:diamond":7,"luminousworld:yellowpetunias":1,"luminousworld:blueberry":5,"minecraft:granite":19,"minecraft:bone_meal":1,"minecraft:emerald":12,"minecraft:oak_sapling":4,"iceandfire:raw_silver":2,"minecraft:cocoa_beans":2,"luminousworld:groundpebbles_1":10,"minecraft:coarse_dirt":4,"minecraft:crafting_table":1,"minecraft:chicken":1,"born_in_chaos_v1:river_mint":3,"minecraft:clay_ball":10,"ecologics:seashell":2,"minecraft:iron_axe":1,"minecraft:item_frame":19,"minecraft:white_carpet":7,"minecraft:iron_shovel":1,"iceandfire:bestiary":3,"minecraft:beef":27,"minecraft:oak_boat":1,"minecraft:poppy":1,"minecraft:spruce_slab":2,"minecraft:sugar_cane":3,"minecraft:spruce_trapdoor":2,"minecraft:raw_iron":26,"minecraft:stone":1,"ecologics:coconut_slice":46,"minecraft:copper_ingot":39,"minecraft:bowl":1,"minecraft:spruce_fence":1,"minecraft:cake":1,"minecraft:stone_button":1,"quark:birch_chest":1,"minecraft:carrot":13,"minecraft:redstone":13,"twilightforest:magic_beans":2,"minecraft:arrow":6,"minecraft:beetroot_seeds":2,"minecraft:hay_block":19,"minecraft:rail":5,"minecraft:skeleton_skull":2,"minecraft:white_wool":5,"minecraft:oxeye_daisy":1,"minecraft:stripped_oak_log":5,"born_in_chaos_v1:corpse_maggot":14,"enemyexpansion:horsehead_helmet":1,"iceandfire:sea_serpent_fang":8,"minecraft:glow_ink_sac":3,"luminousworld:ishstone":30,"minecraft:leather":15,"minecraft:oak_log":47,"minecraft:gunpowder":4,"minecraft:paper":1,"minecraft:white_banner":8,"tombstone:gift":1,"minecraft:apple":1,"minecraft:stone_bricks":4,"minecraft:iron_ingot":1,"minecraft:cooked_chicken":1,"minecraft:cobweb":4,"tombstone:bag_of_seeds":2,"luminousworld:white_petunias":3,"minecraft:iron_sword":8,"minecraft:polished_andesite_stairs":3,"minecraft:dandelion":18,"minecraft:torchflower_seeds":3,"minecraft:gravel":39,"minecraft:amethyst_shard":14,"minecraft:white_bed":3,"minecraft:spider_eye":2,"minecraft:firework_rocket":1,"minecraft:iron_helmet":2,"iceandfire:sea_serpent_scales_red":4,"minecraft:mossy_cobblestone_stairs":3,"tombstone:magic_scroll":3,"minecraft:black_wool":3,"minecraft:coal":40},"minecraft:mined":{"undead_revamp2:arapholia":2,"minecraft:white_bed":2,"minecraft:granite":16,"minecraft:grass_block":28,"minecraft:coal_block":8,"minecraft:smooth_stone":31,"minecraft:mossy_cobblestone_stairs":4,"minecraft:cobbled_deepslate":3,"minecraft:iron_ore":7,"minecraft:fire":1,"minecraft:barrel":1,"minecraft:brown_bed":2,"minecraft:skeleton_wall_skull":2,"minecraft:tripwire":9,"minecraft:deepslate_redstone_ore":2,"minecraft:cyan_terracotta":17,"born_in_chaos_v1:infected_deepslate_diamond_ore":1,"minecraft:torch":6,"minecraft:polished_andesite_stairs":3,"minecraft:cobblestone":99,"minecraft:sugar_cane":1,"minecraft:oak_planks":5,"minecraft:wall_torch":9,"minecraft:birch_log":5,"minecraft:wheat":1,"minecraft:magenta_bed":1,"minecraft:black_bed":2,"minecraft:smooth_stone_slab":2,"minecraft:grass":74,"quark:birch_chest":1,"minecraft:oak_log":47,"minecraft:sand":10,"minecraft:dirt":39,"luminousworld:grassvariant_3":10,"born_in_chaos_v1:infernal_evil_pumpkin_s":1,"minecraft:oak_leaves":20,"minecraft:deepslate":155,"minecraft:tuff":27,"iceandfire:silver_ore":2,"minecraft:mossy_cobblestone":11,"minecraft:deepslate_diamond_ore":7,"luminousworld:grassvariant_4":3,"luminousworld:grassvariant_2":8,"ecologics:coconut_log":5,"minecraft:hay_block":19,"luminousworld:sunset_petunias":1,"minecraft:andesite":52,"minecraft:deepslate_iron_ore":19,"minecraft:stripped_oak_log":5,"minecraft:stone":347,"minecraft:dandelion":17,"minecraft:crafting_table":1,"luminousworld:grassflowers":1,"minecraft:tall_grass":15,"minecraft:copper_ore":10,"minecraft:deepslate_gold_ore":9,"minecraft:diorite":4,"supplementaries:urn":28,"minecraft:coarse_dirt":6,"minecraft:ice":3,"minecraft:coal_ore":31,"luminousworld:ishstone":12,"minecraft:gravel":30,"minecraft:cobweb":19,"minecraft:polished_andesite":5,"minecraft:stone_bricks":5,"minecraft:mossy_stone_bricks":1},"minecraft:killed":{"minecraft:skeleton":2,"ecologics:coconut_crab":1,"undead_revamp2:therod":26,"luminousworld:crab":2,"minecraft:pillager":1,"minecraft:zombie":155,"born_in_chaos_v1:corpse_fly":1,"enemyexpansion:botfly":26,"takesapillage:archer":1,"minecraft:cow":4,"undead_revamp2:theimmortal":3,"illagerinvasion:marauder":1,"luminousworld:sunken_skeleton":1,"quark:toretoise":1,"enemyexpansion:direwolf":3,"born_in_chaos_v1:maggot":35,"minecraft:horse":4,"earthmobsmod:bouldering_zombie":1,"undead_revamp2:the_moonflower":1,"enemyexpansion:troll":1,"born_in_chaos_v1:decrepit_skeleton":1,"enemyexpansion:huntsman":2},"minecraft:killed_by":{"minecraft:drowned":1,"iceandfire:sea_serpent":2,"born_in_chaos_v1:diamond_termite":1,"iceandfire:ice_dragon":11,"minecraft:zombie":8,"enemyexpansion:invisicreeper":1,"undead_revamp2:thespitter":1,"takesapillage:archer":1,"mowziesmobs:ferrous_wroughtnaut":1,"mutantmonsters:mutant_skeleton":1,"minecraft:skeleton":1,"earthmobsmod:lobber_zombie":1,"iceandfire:ghost":4},"minecraft:crafted":{"minecraft:oak_planks":73,"minecraft:cobblestone_slab":12,"quark:birch_chest":1,"quark:deepslate_furnace":1,"iceandfire:armor_copper_metal_boots":1,"iceandfire:armor_copper_metal_chestplate":1,"iceandfire:copper_pickaxe":1,"minecraft:stone_hoe":1,"minecraft:smoker":1,"minecraft:oak_slab":6,"minecraft:emerald":1,"minecraft:crafting_table":8,"minecraft:wooden_pickaxe":1,"minecraft:golden_pickaxe":1,"minecraft:copper_ingot":8,"minecraft:campfire":1,"minecraft:birch_planks":20,"iceandfire:copper_sword":1,"iceandfire:copper_hoe":1,"minecraft:string":4,"minecraft:charcoal":19,"minecraft:stick":36,"minecraft:iron_ingot":11,"born_in_chaos_v1:smoked_flesh":82,"minecraft:iron_pickaxe":2,"minecraft:stone_sword":1,"minecraft:gold_ingot":7,"minecraft:black_bed":1,"minecraft:shears":1,"minecraft:saddle":1,"minecraft:oak_door":3,"minecraft:cookie":16,"ecologics:coconut_planks":20,"minecraft:furnace":3,"iceandfire:armor_copper_metal_leggings":1,"minecraft:bone_meal":6,"minecraft:iron_axe":1,"minecraft:stone_pickaxe":1,"ecologics:tropical_stew":1,"ecologics:crab_meat":1,"minecraft:wheat":171,"minecraft:cooked_beef":4,"minecraft:iron_sword":4,"tombstone:ankh_of_pray":1,"minecraft:stone_axe":1,"minecraft:bread":68,"minecraft:air":0,"minecraft:torch":16}},"DataVersion":3465}