{"stats":{"minecraft:used":{"minecraft:bread":2,"minecraft:iron_pickaxe":2,"minecraft:brown_bed":1,"minecraft:experience_bottle":2},"minecraft:killed_by":{"minecraft:zombie":1,"iceandfire:ghost":3},"minecraft:picked_up":{"minecraft:stone_bricks":1,"minecraft:brown_bed":2,"minecraft:sugar_cane":3,"undead_revamp2:arapholia":2},"minecraft:custom":{"minecraft:time_since_rest":633,"minecraft:open_chest":10,"minecraft:play_time":16218,"minecraft:crouch_one_cm":1895,"minecraft:interact_with_furnace":2,"minecraft:sprint_one_cm":57933,"minecraft:deaths":5,"minecraft:damage_taken":1440,"minecraft:walk_one_cm":66525,"minecraft:sneak_time":546,"minecraft:trigger_trapped_chest":1,"minecraft:walk_under_water_one_cm":2232,"minecraft:jump":310,"minecraft:damage_dealt":364,"minecraft:walk_on_water_one_cm":4643,"minecraft:time_since_death":1229,"minecraft:total_world_time":16218,"minecraft:climb_one_cm":6599,"minecraft:swim_one_cm":6718,"minecraft:fall_one_cm":10856,"minecraft:tune_noteblock":22,"minecraft:fly_one_cm":82750},"minecraft:mined":{"undead_revamp2:arapholia":2,"minecraft:grass":12,"minecraft:grass_block":1,"minecraft:tall_grass":1,"minecraft:stone_bricks":2,"minecraft:sugar_cane":1,"minecraft:brown_bed":2}},"DataVersion":3465}