{"stats":{"minecraft:crafted":{"quark:birch_chest":1,"ecologics:walnut_planks":4,"quark:deepslate_furnace":1,"minecraft:glass":64,"iceandfire:armor_copper_metal_chestplate":1,"iceandfire:dragonbone_arrow":15,"aether:diamond_gloves":1,"iceandfire:copper_pickaxe":1,"minecraft:gray_bed":1,"minecraft:glass_bottle":3,"iceandfire:armor_gray_boots":1,"minecraft:emerald":21,"minecraft:golden_pickaxe":4,"iceandfire:wither_shard":3,"minecraft:copper_ingot":8,"minecraft:campfire":1,"iceandfire:copper_hoe":1,"quark:oak_chest":8,"born_in_chaos_v1:smoked_flesh":256,"minecraft:iron_pickaxe":2,"minecraft:gold_ingot":60,"minecraft:saddle":1,"ecologics:coconut_planks":20,"iceandfire:dragonbone_sword_fire":1,"iceandfire:armor_copper_metal_leggings":1,"minecraft:bone_meal":90,"minecraft:stone_pickaxe":1,"tombstone:strange_scroll":1,"ecologics:crab_meat":1,"minecraft:wheat":171,"minecraft:coal_block":3,"iceandfire:dragonbone_sword":1,"sophisticatedbackpacks:gold_backpack":1,"minecraft:oak_planks":149,"minecraft:cobblestone_slab":12,"iceandfire:armor_copper_metal_boots":1,"minecraft:hopper":4,"minecraft:honey_bottle":12,"minecraft:iron_boots":1,"iceandfire:armor_gray_helmet":1,"minecraft:stone_hoe":1,"iceandfire:manuscript":20,"minecraft:smoker":2,"minecraft:oak_slab":6,"sophisticatedbackpacks:backpack":1,"minecraft:crafting_table":16,"minecraft:wooden_pickaxe":1,"minecraft:iron_helmet":1,"minecraft:birch_planks":20,"iceandfire:copper_sword":1,"iceandfire:dragonbone_bow":1,"minecraft:string":4,"minecraft:iron_chestplate":1,"minecraft:charcoal":19,"minecraft:stick":64,"minecraft:iron_ingot":66,"minecraft:stone_sword":1,"minecraft:black_bed":1,"minecraft:shears":1,"minecraft:oak_door":3,"minecraft:cookie":16,"minecraft:furnace":8,"minecraft:mushroom_stew":16,"iceandfire:tide_bronze_leggings":1,"alexscaves:cave_map":1,"minecraft:flint_and_steel":2,"minecraft:iron_axe":1,"ecologics:tropical_stew":1,"iceandfire:armor_bronze_chestplate":1,"sophisticatedbackpacks:iron_backpack":1,"minecraft:cooked_beef":10,"minecraft:iron_sword":7,"tombstone:ankh_of_pray":1,"minecraft:stone_axe":1,"iceandfire:dragonbone_pickaxe":1,"minecraft:bread":68,"minecraft:air":0,"minecraft:oak_boat":2,"minecraft:torch":44,"luminousworld:baobab_plank":4},"minecraft:used":{"minecraft:spruce_slab":2,"minecraft:stone":1,"iceandfire:tide_bronze_leggings":2,"ecologics:coconut_planks":8,"minecraft:acacia_sapling":4,"born_in_chaos_v1:smoked_flesh":253,"minecraft:polished_andesite_stairs":3,"iceandfire:copper_pickaxe":17,"supplementaries:bomb_blue":1,"minecraft:rabbit_stew":2,"minecraft:bow":25,"supplementaries:ash":1,"minecraft:furnace":7,"minecraft:oak_sapling":3,"minecraft:egg":2,"minecraft:diorite":16,"minecraft:leather_leggings":1,"minecraft:wooden_pickaxe":5,"minecraft:leather_chestplate":2,"minecraft:cookie":10,"minecraft:golden_apple":4,"minecraft:glow_berries":35,"minecraft:sand":2,"minecraft:pumpkin_seeds":1,"earthmobsmod:duck_egg":1,"minecraft:crying_obsidian":1,"minecraft:stone_button":2,"minecraft:oak_boat":2,"minecraft:stone_sword":200,"iceandfire:armor_copper_metal_leggings":1,"minecraft:netherrack":1,"endrem:lost_eye":1,"minecraft:torch":125,"iceandfire:copper_sword":174,"ecologics:seashell":1,"tombstone:ankh_of_pray":7,"minecraft:iron_axe":89,"minecraft:barrel":2,"minecraft:bamboo":1,"tombstone:gift":12,"minecraft:cobbled_deepslate":118,"minecraft:golden_axe":4,"naturalist:bass":1,"minecraft:wheat_seeds":1,"minecraft:water_bucket":23,"minecraft:nether_brick_wall":1,"minecraft:salmon":1,"minecraft:mossy_cobblestone":8,"minecraft:rail":1,"minecraft:oak_slab":2,"minecraft:crafting_table":20,"minecraft:campfire":1,"minecraft:white_bed":3,"minecraft:cake":3,"minecraft:oak_log":6,"alexsmobs:flying_fish":2,"minecraft:diamond_pickaxe":997,"iceandfire:dragonbone_sword_fire":330,"ecologics:tropical_stew":1,"minecraft:suspicious_stew":1,"minecraft:iron_pickaxe":915,"tombstone:magic_scroll":8,"minecraft:leather_helmet":2,"minecraft:cobblestone":268,"quark:oak_chest":3,"minecraft:stripped_oak_log":1,"minecraft:dandelion":4,"minecraft:candle":1,"minecraft:iron_shovel":68,"minecraft:iron_sword":2177,"minecraft:bell":1,"minecraft:iron_chestplate":3,"minecraft:nether_bricks":23,"minecraft:carrot":14,"minecraft:honey_bottle":2,"minecraft:obsidian":71,"born_in_chaos_v1:corpse_maggot":12,"minecraft:cyan_terracotta":8,"alexsmobs:lobster_tail":1,"quark:deepslate_furnace":1,"minecraft:lantern":5,"tombstone:tablet_of_cupidity":2,"minecraft:iron_helmet":4,"minecraft:stone_bricks":1,"minecraft:item_frame":4,"minecraft:gray_bed":1,"minecraft:beetroot_seeds":3,"minecraft:skeleton_skull":1,"minecraft:diamond_boots":2,"minecraft:stone_pickaxe":90,"minecraft:oak_planks":13,"luminousworld:groundpebbles_1":3,"minecraft:sugar_cane":3,"minecraft:mushroom_stew":16,"alexscaves:cave_book":1,"minecraft:black_bed":2,"minecraft:shears":2,"iceandfire:armor_copper_metal_chestplate":1,"minecraft:firework_rocket":1,"minecraft:bread":45,"minecraft:string":22,"minecraft:gravel":36,"iceandfire:copper_hoe":2,"ecologics:coconut_slice":24,"born_in_chaos_v1:rotten_fish":2,"luminousworld:purple_petunias":1,"minecraft:andesite":9,"minecraft:chest_minecart":1,"minecraft:coarse_dirt":4,"minecraft:bone_meal":90,"minecraft:golden_pickaxe":158,"minecraft:experience_bottle":2,"minecraft:cobweb":2,"minecraft:rose_bush":1,"quark:birch_chest":2,"minecraft:flint_and_steel":2,"minecraft:stone_hoe":7,"minecraft:cooked_chicken":1,"minecraft:oak_door":1,"iceandfire:armor_copper_metal_boots":1,"minecraft:dirt":162,"minecraft:white_carpet":7,"minecraft:hopper":5,"minecraft:spruce_fence":2,"minecraft:granite":14,"minecraft:oak_stairs":1,"minecraft:iron_boots":1,"minecraft:cooked_beef":27,"iceandfire:dragonbone_pickaxe":16,"minecraft:iron_leggings":4,"minecraft:brown_bed":2,"minecraft:cooked_mutton":2,"iceandfire:fire_dragon_flesh":20,"minecraft:polished_andesite":5,"luminousworld:ishstone":23,"minecraft:cobblestone_slab":5,"minecraft:magenta_bed":4,"minecraft:smoker":2,"tombstone:bag_of_seeds":6,"minecraft:apple":5,"iceandfire:dragonbone_bow":5,"minecraft:chicken":1,"minecraft:stone_axe":21,"minecraft:white_banner":2,"minecraft:bucket":24,"minecraft:pumpkin_pie":11,"enemyexpansion:horsehead_helmet":1,"minecraft:chainmail_leggings":1},"minecraft:dropped":{"twilightforest:magic_beans":2,"minecraft:iron_sword":2,"minecraft:glow_ink_sac":3,"minecraft:cracked_stone_bricks":1,"minecraft:rail":2,"minecraft:leather_helmet":2,"minecraft:item_frame":14,"minecraft:dirt":88,"iceandfire:sea_serpent_scales_red":4,"minecraft:gold_nugget":10,"minecraft:sand":6,"minecraft:iron_pickaxe":1,"minecraft:white_wool":4,"minecraft:bone":6,"minecraft:stone_axe":1,"minecraft:iron_nugget":24,"minecraft:cobbled_deepslate":68,"minecraft:wheat":14,"minecraft:rotten_flesh":25,"minecraft:oak_planks":2,"minecraft:salmon":3,"supplementaries:flax_seeds":8,"minecraft:charcoal":4,"minecraft:acacia_sapling":1,"iceandfire:bestiary":1,"minecraft:leather_leggings":1,"minecraft:beef":14,"minecraft:enchanted_book":1,"minecraft:wheat_seeds":60,"luminousworld:ishstone":47,"minecraft:iron_helmet":2,"minecraft:cobblestone":125,"minecraft:granite":11,"minecraft:chainmail_helmet":1,"minecraft:oxeye_daisy":1,"born_in_chaos_v1:gnawed_bones":2,"born_in_chaos_v1:black_argillite":11,"minecraft:white_banner":6,"minecraft:mossy_cobblestone_stairs":3,"minecraft:chainmail_leggings":1,"minecraft:paper":1,"minecraft:string":36,"ecologics:coconut_planks":8,"minecraft:stone_sword":5,"minecraft:bowl":4,"minecraft:deepslate":2,"born_in_chaos_v1:rotten_fish":5,"minecraft:chicken":1,"minecraft:clay_ball":10,"minecraft:iron_boots":1,"minecraft:pumpkin_seeds":2,"minecraft:cobblestone_slab":3,"minecraft:stone":1,"ecologics:seashell":1,"luminousworld:yellowpetunias":1,"minecraft:oak_log":1,"minecraft:ender_pearl":2,"luminousworld:white_petunias":3,"minecraft:leather":7,"minecraft:honeycomb":1,"minecraft:flint":9,"minecraft:cyan_terracotta":1,"tombstone:bag_of_seeds":1,"minecraft:gravel":8,"minecraft:poppy":2,"minecraft:rabbit_hide":2,"minecraft:leather_chestplate":1,"supplementaries:ash":33,"minecraft:gunpowder":2,"minecraft:beetroot_seeds":2,"born_in_chaos_v1:corpse_maggot":12,"ecologics:coconut_husk":8,"minecraft:arrow":8,"minecraft:purple_carpet":38,"minecraft:stone_hoe":1,"minecraft:mossy_cobblestone":4,"minecraft:lead":2,"minecraft:activator_rail":8,"minecraft:copper_ingot":22,"minecraft:stick":5,"born_in_chaos_v1:river_mint":1,"minecraft:diorite":46,"naturalist:bass":1,"tombstone:grave_key":2,"minecraft:map":2,"minecraft:redstone":9,"minecraft:raw_copper":3,"minecraft:tuff":3,"iceandfire:dragonbone_sword_fire":1,"luminousworld:yellow_grassflowers":1,"minecraft:filled_map":3,"minecraft:iron_chestplate":1,"luminousworld:groundpebbles_1":6,"minecraft:andesite":22,"minecraft:oak_boat":1,"minecraft:oak_sapling":2,"minecraft:slime_ball":1},"minecraft:killed_by":{"born_in_chaos_v1:nightmare_stalker":1,"minecraft:zombie":12,"enemyexpansion:invisicreeper":1,"undead_revamp2:thesomnolence":1,"undead_revamp2:thespitter":1,"alexsmobs:centipede_head":1,"mutantmonsters:mutant_skeleton":1,"enemyexpansion:direwolf":1,"iceandfire:ghost":4,"iceandfire:cyclops":1,"minecraft:drowned":1,"iceandfire:sea_serpent":2,"born_in_chaos_v1:diamond_termite":1,"iceandfire:ice_dragon":11,"cataclysm:deepling_brute":1,"artifacts:mimic":1,"minecraft:spider":1,"takesapillage:archer":1,"mowziesmobs:ferrous_wroughtnaut":1,"minecraft:skeleton":2,"earthmobsmod:lobber_zombie":1},"minecraft:killed":{"alexsmobs:lobster":1,"earthmobsmod:jumbo_rabbit":1,"born_in_chaos_v1:siamese_skeletonsright":1,"undead_revamp2:theswarmer":1,"minecraft:skeleton":15,"minecraft:chicken":2,"ecologics:coconut_crab":2,"undead_revamp2:thepregnant":1,"born_in_chaos_v1:bone_imp":2,"luminousworld:crab":4,"minecraft:pillager":1,"minecraft:zombie":369,"born_in_chaos_v1:corpse_fly":1,"enemyexpansion:botfly":55,"takesapillage:archer":2,"iceandfire:sea_serpent":1,"minecraft:cow":4,"undead_revamp2:theimmortal":3,"illagerinvasion:marauder":1,"quark:toretoise":1,"undead_revamp2:bomber":2,"born_in_chaos_v1:thornshell_crab":1,"minecraft:horse":4,"naturalist:coral_snake":1,"earthmobsmod:albino_cow":3,"born_in_chaos_v1:barrel_zombie":1,"earthmobsmod:bouldering_zombie":1,"undead_revamp2:the_moonflower":3,"enemyexpansion:sprinter":1,"earthmobsmod:cream_cow":2,"born_in_chaos_v1:decrepit_skeleton":1,"alexsmobs:catfish":1,"undead_revamp2:thesomnolence":1,"endermanoverhaul:cave_enderman":1,"iceandfire:ghost":4,"minecraft:spider":2,"undead_revamp2:therod":26,"born_in_chaos_v1:firelight_not_despawn":2,"artifacts:mimic":2,"born_in_chaos_v1:diamond_termite":5,"earthmobsmod:lobber_drowned":1,"minecraft:creeper":1,"born_in_chaos_v1:zombie_fisherman":2,"born_in_chaos_v1:siamese_skeletonsleft":1,"minecraft:blaze":4,"luminousworld:sunken_skeleton":2,"enemyexpansion:direwolf":9,"born_in_chaos_v1:zombie_bruiser":1,"born_in_chaos_v1:maggot":89,"luminousworld:swamp_skeleton":1,"iceandfire:fire_dragon":4,"alexsmobs:bison":1,"born_in_chaos_v1:corpse_fish":4,"alexsmobs:flying_fish":2,"born_in_chaos_v1:baby_skeleton":1,"quark:foxhound":1,"takesapillage:skirmisher":1,"enemyexpansion:troll":1,"enemyexpansion:huntsman":2,"minecraft:wither_skeleton":9},"minecraft:picked_up":{"minecraft:chainmail_boots":1,"iceandfire:copper_sword":1,"minecraft:lead":2,"minecraft:brown_bed":2,"minecraft:oak_stairs":1,"artifacts:chorus_totem":1,"minecraft:enchanted_book":2,"minecraft:string":84,"minecraft:cobbled_deepslate":290,"minecraft:gold_nugget":314,"minecraft:coal_block":7,"ecologics:crab_claw":2,"minecraft:rabbit_foot":1,"minecraft:stone_sword":5,"luminousworld:yellow_grassflowers":1,"iceandfire:fire_dragon_heart":4,"minecraft:cyan_terracotta":19,"supplementaries:ash":37,"minecraft:blaze_rod":2,"alexsmobs:flying_fish":2,"alexsmobs:lobster_tail":1,"minecraft:birch_log":5,"minecraft:cooked_beef":18,"minecraft:water_bucket":1,"ecologics:coconut_planks":3,"alexsmobs:bison_fur":5,"minecraft:flint":11,"luminousworld:purple_petunias":1,"minecraft:magenta_bed":4,"minecraft:map":2,"minecraft:lantern":5,"born_in_chaos_v1:marigolds":1,"minecraft:purple_carpet":37,"minecraft:glowstone_dust":26,"minecraft:honeycomb":3,"iceandfire:dragon_skull_fire":4,"alexsmobs:animal_dictionary":1,"minecraft:barrel":2,"minecraft:bundle":2,"minecraft:iron_hoe":1,"minecraft:polished_andesite":5,"minecraft:deepslate":2,"luminousworld:yellowpetunias":2,"minecraft:granite":50,"minecraft:chainmail_helmet":2,"born_in_chaos_v1:rotten_fish":6,"iceandfire:raw_silver":2,"minecraft:diamond_pickaxe":1,"luminousworld:groundpebbles_1":19,"minecraft:crafting_table":4,"minecraft:coarse_dirt":5,"iceandfire:witherbone":5,"minecraft:clay_ball":10,"ecologics:seashell":2,"minecraft:white_carpet":7,"minecraft:iron_shovel":2,"iceandfire:bestiary":3,"minecraft:cracked_stone_bricks":3,"minecraft:beef":45,"born_in_chaos_v1:gnawed_bones":2,"minecraft:poppy":1,"minecraft:iron_nugget":78,"minecraft:spruce_slab":2,"minecraft:egg":2,"minecraft:stone":1,"sophisticatedbackpacks:backpack":1,"minecraft:spruce_fence":1,"minecraft:cake":1,"born_in_chaos_v1:pieceofdarkmetal":1,"minecraft:carrot":13,"minecraft:redstone":22,"twilightforest:magic_beans":2,"minecraft:beetroot_seeds":2,"minecraft:hay_block":19,"born_in_chaos_v1:spiny_shell":3,"minecraft:mutton":6,"minecraft:white_wool":10,"minecraft:rail":8,"minecraft:oxeye_daisy":1,"minecraft:stripped_oak_log":5,"iceandfire:sea_serpent_fang":14,"enemyexpansion:horsehead_helmet":1,"luminousworld:ishstone":98,"minecraft:red_mushroom":16,"minecraft:filled_map":3,"minecraft:oak_log":79,"quark:limestone":37,"minecraft:paper":1,"tombstone:gift":1,"minecraft:white_banner":8,"minecraft:stone_bricks":6,"minecraft:apple":2,"minecraft:kelp":18,"minecraft:cobweb":4,"tombstone:bag_of_seeds":4,"minecraft:glass_bottle":1,"minecraft:iron_sword":28,"minecraft:polished_andesite_stairs":3,"minecraft:torchflower_seeds":3,"minecraft:gravel":84,"minecraft:crying_obsidian":1,"minecraft:firework_rocket":1,"minecraft:slime_ball":4,"minecraft:gray_wool":3,"minecraft:hopper":1,"minecraft:ender_pearl":2,"minecraft:wheat":44,"born_in_chaos_v1:black_argillite":11,"minecraft:raw_copper":28,"iceandfire:sea_serpent_scales_bronze":7,"minecraft:activator_rail":8,"minecraft:smooth_stone":28,"earthmobsmod:duck_egg":1,"minecraft:rose_bush":1,"minecraft:furnace":1,"minecraft:stick":6,"ecologics:walnut_log":5,"minecraft:torch":88,"born_in_chaos_v1:phantom_powder":1,"minecraft:diorite":99,"tombstone:grave_dust":27,"minecraft:rotten_flesh":201,"ecologics:coconut_log":5,"minecraft:obsidian":67,"undead_revamp2:arapholia":2,"minecraft:cobblestone":926,"minecraft:andesite":61,"minecraft:black_bed":2,"minecraft:tuff":5,"supplementaries:flax_seeds":7,"minecraft:wither_skeleton_skull":1,"minecraft:dirt":328,"minecraft:lapis_lazuli":25,"iceandfire:dragonscales_bronze":11,"born_in_chaos_v1:monster_skin":1,"minecraft:bone":111,"minecraft:bow":1,"minecraft:wheat_seeds":114,"minecraft:raw_gold":65,"minecraft:bell":1,"minecraft:oak_planks":13,"minecraft:stone_hoe":1,"minecraft:sand":75,"minecraft:mossy_cobblestone":14,"artifacts:plastic_drinking_hat":1,"born_in_chaos_v1:fire_dust":2,"minecraft:diamond":13,"iceandfire:dragonbone_sword_fire":1,"luminousworld:blueberry":5,"minecraft:bone_meal":1,"minecraft:emerald":15,"minecraft:oak_sapling":5,"luminousworld:bao_bob_log":1,"minecraft:netherrack":1,"minecraft:cocoa_beans":2,"born_in_chaos_v1:diamond_termite_shard":4,"minecraft:chicken":2,"born_in_chaos_v1:river_mint":3,"minecraft:brown_mushroom":16,"minecraft:iron_axe":1,"minecraft:item_frame":20,"minecraft:candle":1,"minecraft:oak_boat":1,"minecraft:sugar_cane":7,"minecraft:spruce_trapdoor":2,"minecraft:raw_iron":101,"iceandfire:dragonbone":46,"iceandfire:dragonscales_gray":17,"iceandfire:dragonscales_green":32,"ecologics:coconut_slice":60,"minecraft:copper_ingot":61,"minecraft:bowl":1,"minecraft:stone_button":1,"quark:birch_chest":1,"minecraft:arrow":26,"iceandfire:cyclops_eye":1,"minecraft:pumpkin_pie":10,"minecraft:nether_bricks":25,"minecraft:nether_brick_wall":1,"minecraft:skeleton_skull":2,"born_in_chaos_v1:fused_bone":2,"born_in_chaos_v1:corpse_maggot":28,"minecraft:glow_ink_sac":3,"minecraft:salmon":4,"minecraft:leather":26,"minecraft:gunpowder":5,"naturalist:bass":2,"minecraft:rabbit_hide":2,"minecraft:iron_ingot":5,"minecraft:cooked_chicken":1,"minecraft:stripped_oak_wood":2,"luminousworld:white_petunias":3,"iceandfire:fire_dragon_flesh":20,"minecraft:dandelion":38,"minecraft:amethyst_shard":14,"minecraft:white_bed":3,"quark:oak_chest":1,"minecraft:spider_eye":2,"alexsmobs:raw_catfish":3,"minecraft:chainmail_leggings":1,"minecraft:iron_helmet":5,"iceandfire:sea_serpent_scales_red":4,"minecraft:mossy_cobblestone_stairs":3,"tombstone:magic_scroll":4,"minecraft:black_wool":3,"minecraft:coal":97,"minecraft:sunflower":85},"minecraft:broken":{"minecraft:iron_chestplate":1,"minecraft:iron_sword":6,"minecraft:stone_sword":1,"minecraft:iron_pickaxe":1,"minecraft:iron_helmet":3,"aether:leather_gloves":1,"minecraft:diamond_boots":1,"minecraft:leather_chestplate":1,"minecraft:golden_pickaxe":5},"minecraft:custom":{"minecraft:interact_with_crafting_table":112,"minecraft:open_barrel":58,"minecraft:eat_cake_slice":17,"minecraft:leave_game":11,"minecraft:time_since_death":31031,"minecraft:play_time":1128386,"minecraft:deaths":62,"minecraft:jump":16527,"minecraft:interact_with_furnace":75,"minecraft:traded_with_villager":38,"minecraft:interact_with_cartography_table":2,"minecraft:sleep_in_bed":31,"minecraft:damage_dealt":119479,"tombstone:undead_killed":449,"minecraft:interact_with_smoker":74,"minecraft:horse_one_cm":163212,"minecraft:interact_with_smithing_table":2,"minecraft:interact_with_anvil":1,"minecraft:inspect_hopper":1,"minecraft:damage_dealt_absorbed":114,"minecraft:sneak_time":105858,"minecraft:interact_with_blast_furnace":3,"minecraft:total_world_time":1128386,"tombstone:raider_killed":5,"minecraft:tune_noteblock":24,"minecraft:time_since_rest":1710,"tombstone:cast_on_ally":0,"minecraft:swim_one_cm":544918,"minecraft:fly_one_cm":3552017,"minecraft:open_chest":246,"minecraft:fall_one_cm":644019,"minecraft:animals_bred":1,"minecraft:sprint_one_cm":1806367,"minecraft:drop":336,"minecraft:talked_to_villager":46,"minecraft:interact_with_brewingstand":1,"minecraft:walk_on_water_one_cm":201772,"minecraft:interact_with_loom":2,"minecraft:crouch_one_cm":255783,"minecraft:mob_kills":721,"minecraft:damage_dealt_resisted":501,"minecraft:climb_one_cm":168252,"minecraft:walk_one_cm":2079495,"minecraft:walk_under_water_one_cm":252280,"minecraft:boat_one_cm":306342,"minecraft:damage_taken":32950,"minecraft:damage_absorbed":100,"minecraft:trigger_trapped_chest":5},"minecraft:mined":{"minecraft:white_bed":2,"placeablesmod:cooked_beef_block":1,"minecraft:obsidian":67,"minecraft:granite":48,"minecraft:coal_block":8,"minecraft:hopper":1,"minecraft:tall_seagrass":5,"minecraft:mossy_cobblestone_stairs":4,"minecraft:cobbled_deepslate":3,"minecraft:fire":21,"minecraft:barrel":1,"iceandfire:gold_pile":29,"quark:limestone":37,"minecraft:tripwire":9,"minecraft:brown_mushroom":16,"minecraft:kelp_plant":3,"minecraft:torch":12,"born_in_chaos_v1:infected_deepslate_diamond_ore":1,"minecraft:polished_andesite_stairs":3,"minecraft:sugar_cane":6,"minecraft:wheat":1,"minecraft:magenta_bed":3,"minecraft:black_bed":2,"minecraft:grass":114,"quark:birch_chest":1,"luminousworld:grassvariant_3":20,"born_in_chaos_v1:infernal_evil_pumpkin_s":1,"minecraft:deepslate":464,"iceandfire:silver_ore":2,"minecraft:mossy_cobblestone":14,"minecraft:nether_brick_wall":1,"minecraft:nether_bricks":25,"born_in_chaos_v1:black_argillite":12,"luminousworld:grassvariant_2":16,"minecraft:kelp":2,"minecraft:red_mushroom":16,"placeablesmod:water_bucket_block":1,"minecraft:andesite":85,"minecraft:vine":3,"minecraft:dandelion":38,"ecologics:walnut_leaves":1,"luminousworld:grassflowers":1,"minecraft:tall_grass":19,"minecraft:copper_ore":11,"minecraft:deepslate_gold_ore":27,"minecraft:diorite":47,"minecraft:coarse_dirt":8,"luminousworld:ishstone":51,"minecraft:sunflower":1,"minecraft:gravel":59,"minecraft:cobweb":46,"minecraft:stone_bricks":8,"minecraft:gold_ore":5,"undead_revamp2:arapholia":2,"luminousworld:yellowpetunias":1,"minecraft:grass_block":53,"minecraft:smooth_stone":31,"minecraft:glowstone":10,"minecraft:iron_ore":36,"minecraft:brown_bed":2,"minecraft:skeleton_wall_skull":2,"ecologics:walnut_log":5,"minecraft:deepslate_redstone_ore":4,"minecraft:cyan_terracotta":23,"luminousworld:purple_petunias":1,"iceandfire:dragon_ice_spikes":1,"minecraft:cobblestone":124,"minecraft:oak_planks":9,"minecraft:wall_torch":21,"minecraft:seagrass":2,"minecraft:birch_log":5,"minecraft:stripped_oak_wood":2,"luminousworld:bao_bob_log":1,"minecraft:smooth_stone_slab":2,"minecraft:oak_log":78,"minecraft:sand":82,"minecraft:dirt":204,"minecraft:netherrack":1,"minecraft:oak_leaves":30,"minecraft:crying_obsidian":1,"minecraft:tuff":30,"minecraft:deepslate_diamond_ore":11,"luminousworld:grassvariant_4":5,"born_in_chaos_v1:infected_diamond_ore":2,"ecologics:coconut_log":5,"minecraft:hay_block":19,"luminousworld:sunset_petunias":1,"minecraft:furnace":1,"minecraft:deepslate_iron_ore":31,"minecraft:stripped_oak_log":5,"minecraft:stone":809,"minecraft:crafting_table":4,"minecraft:rose_bush":1,"minecraft:lapis_ore":4,"supplementaries:urn":43,"minecraft:gray_wool":3,"minecraft:ice":3,"minecraft:coal_ore":60,"minecraft:cracked_stone_bricks":3,"minecraft:polished_andesite":5,"minecraft:mossy_stone_bricks":1}},"DataVersion":3465}