{"stats":{"minecraft:custom":{"minecraft:interact_with_smithing_table":2,"minecraft:mob_kills":11,"minecraft:animals_bred":3,"minecraft:interact_with_crafting_table":10,"minecraft:damage_dealt_resisted":168,"minecraft:eat_cake_slice":5,"minecraft:leave_game":1,"minecraft:time_since_death":1216,"minecraft:climb_one_cm":154,"minecraft:sprint_one_cm":245698,"minecraft:walk_one_cm":272483,"minecraft:drop":15,"minecraft:talked_to_villager":51,"minecraft:play_time":89632,"minecraft:deaths":5,"minecraft:sneak_time":3737,"minecraft:walk_under_water_one_cm":871,"minecraft:jump":1334,"minecraft:walk_on_water_one_cm":3526,"minecraft:total_world_time":89632,"minecraft:interact_with_furnace":6,"minecraft:traded_with_villager":99,"minecraft:sleep_in_bed":8,"minecraft:time_since_rest":1,"minecraft:damage_taken":2230,"minecraft:damage_dealt":1227,"minecraft:swim_one_cm":879,"minecraft:fly_one_cm":169133,"minecraft:open_chest":14,"minecraft:crouch_one_cm":12466,"tombstone:undead_killed":4,"minecraft:fall_one_cm":33668},"minecraft:dropped":{"minecraft:bread":32,"minecraft:wheat_seeds":7,"minecraft:spruce_leaves":3,"minecraft:sweet_berries":3,"minecraft:bowl":2,"minecraft:bow":1},"minecraft:killed_by":{"born_in_chaos_v1:corpse_fly":1,"enemyexpansion:invisicreeper":1},"minecraft:mined":{"luminousworld:groundpebbles_1":1,"minecraft:white_bed":3,"iceandfire:silver_ore":6,"luminousworld:grassvariant_4":1,"minecraft:jack_o_lantern":1,"minecraft:carved_pumpkin":1,"luminousworld:mossbuds_2":1,"born_in_chaos_v1:black_argillite":1,"luminousworld:grassvariant_2":1,"luminousworld:decorative_brown_mushroom_1":1,"minecraft:spruce_leaves":96,"minecraft:large_fern":3,"minecraft:hay_block":1,"minecraft:redstone_ore":1,"luminousworld:yellow_grassflowers":1,"minecraft:iron_ore":17,"minecraft:andesite":3,"minecraft:pumpkin":49,"minecraft:deepslate_iron_ore":4,"minecraft:stone":43,"born_in_chaos_v1:marigolds":1,"supplementaries:wild_flax":2,"supplementaries:urn":7,"ecologics:seashell":1,"minecraft:birch_log":6,"minecraft:sweet_berry_bush":2,"minecraft:wheat":4,"minecraft:spruce_log":159,"minecraft:birch_leaves":1,"minecraft:grass":2,"minecraft:coal_ore":17,"minecraft:oak_log":46,"minecraft:dirt":1,"luminousworld:grassvariant_3":1,"minecraft:oak_leaves":19,"minecraft:deepslate":13,"minecraft:fern":2},"minecraft:crafted":{"minecraft:cookie":90,"minecraft:furnace":1,"minecraft:suspicious_stew":2,"minecraft:cake":10,"minecraft:bow":3,"minecraft:iron_axe":1,"minecraft:stone_pickaxe":1,"minecraft:wheat":9,"iceandfire:silver_axe":1,"minecraft:emerald":64,"iceandfire:silver_ingot":6,"minecraft:crafting_table":3,"minecraft:spruce_planks":292,"minecraft:wooden_pickaxe":1,"minecraft:smithing_table":1,"minecraft:stone_axe":1,"minecraft:bread":60,"minecraft:air":0,"minecraft:apple":20,"minecraft:string":80,"minecraft:stick":1708,"minecraft:iron_ingot":7,"minecraft:iron_pickaxe":1,"minecraft:white_bed":1},"minecraft:used":{"minecraft:jack_o_lantern":1,"ecologics:crab_claw":8,"minecraft:carved_pumpkin":1,"minecraft:grass":2,"minecraft:rotten_flesh":1,"minecraft:spruce_leaves":3,"minecraft:dirt":16,"minecraft:granite":6,"minecraft:iron_axe":120,"minecraft:sweet_berries":2,"supplementaries:ash":1,"minecraft:furnace":1,"luminousworld:decorative_brown_mushroom_1":1,"minecraft:wheat_seeds":4,"minecraft:stone_pickaxe":68,"luminousworld:blackberry":2,"minecraft:wooden_pickaxe":13,"luminousworld:groundpebbles_1":1,"luminousworld:yellow_grassflowers":1,"minecraft:cookie":1,"minecraft:crafting_table":3,"supplementaries:bomb":5,"minecraft:white_bed":4,"iceandfire:silver_axe":124,"minecraft:cake":10,"minecraft:apple":1,"minecraft:bread":17,"minecraft:suspicious_stew":2,"minecraft:iron_pickaxe":40,"minecraft:spruce_trapdoor":1,"born_in_chaos_v1:marigolds":1,"minecraft:stone_axe":133,"minecraft:cobblestone":25,"minecraft:smithing_table":1,"minecraft:andesite":1},"minecraft:broken":{"minecraft:stone_axe":1},"minecraft:killed":{"enemyexpansion:intruder":1,"born_in_chaos_v1:baby_skeleton_minion":2,"luminousworld:firefly":1,"born_in_chaos_v1:bonescaller":1,"undead_revamp2:theordure":1,"undead_revamp2:thesomnolence":1,"born_in_chaos_v1:corpse_fly":2},"minecraft:picked_up":{"minecraft:spruce_leaves":6,"luminousworld:groundpebbles_1":1,"minecraft:wheat":4,"luminousworld:blackberry":4,"ecologics:seashell":1,"born_in_chaos_v1:black_argillite":1,"minecraft:string":1,"supplementaries:bomb":5,"minecraft:cobbled_deepslate":13,"minecraft:beef":2,"minecraft:birch_sapling":1,"minecraft:spruce_trapdoor":2,"ecologics:crab_claw":1,"minecraft:stick":15,"minecraft:raw_iron":21,"tombstone:grave_dust":2,"luminousworld:decorative_brown_mushroom_1":1,"minecraft:rotten_flesh":6,"luminousworld:yellow_grassflowers":1,"minecraft:hay_block":1,"supplementaries:antique_ink":2,"minecraft:carved_pumpkin":1,"supplementaries:ash":5,"minecraft:cobblestone":46,"minecraft:white_wool":14,"minecraft:birch_log":6,"born_in_chaos_v1:corpse_maggot":2,"minecraft:glow_ink_sac":6,"minecraft:andesite":3,"minecraft:leather":1,"minecraft:oak_log":46,"supplementaries:flax_seeds":7,"minecraft:gunpowder":6,"minecraft:dirt":17,"born_in_chaos_v1:marigolds":1,"minecraft:bone":4,"minecraft:apple":3,"minecraft:wheat_seeds":11,"minecraft:iron_ingot":1,"minecraft:pumpkin":49,"minecraft:sweet_berries":10,"minecraft:spruce_sapling":13,"minecraft:white_bed":3,"minecraft:spruce_log":152,"minecraft:pumpkin_seeds":8,"minecraft:granite":6,"minecraft:grass":2,"minecraft:gray_wool":1,"minecraft:emerald":3,"minecraft:bread":2,"minecraft:jack_o_lantern":1,"minecraft:oak_sapling":8,"minecraft:black_wool":9,"minecraft:coal":18,"iceandfire:raw_silver":7}},"DataVersion":3465}