{"stats":{"minecraft:dropped":{"alexsmobs:animal_dictionary":1,"ecologics:coconut_husk":1},"minecraft:used":{"ecologics:coconut_slice":3,"minecraft:bread":3,"minecraft:brown_bed":3},"minecraft:picked_up":{"minecraft:clay_ball":8,"ecologics:coconut_slice":4,"minecraft:brown_bed":3,"ecologics:coconut_husk":1,"minecraft:string":1,"alexsmobs:animal_dictionary":1},"minecraft:killed":{"minecraft:spider":1},"minecraft:mined":{"minecraft:oak_leaves":2,"minecraft:clay":2,"minecraft:brown_bed":3},"minecraft:custom":{"minecraft:time_since_rest":0,"minecraft:open_chest":3,"minecraft:crouch_one_cm":18,"minecraft:play_time":21555,"minecraft:sprint_one_cm":68552,"minecraft:damage_taken":250,"minecraft:walk_one_cm":145134,"minecraft:sneak_time":36,"minecraft:walk_under_water_one_cm":3657,"minecraft:mob_kills":1,"minecraft:drop":2,"minecraft:jump":249,"minecraft:eat_cake_slice":4,"minecraft:damage_dealt":160,"minecraft:leave_game":1,"minecraft:time_since_death":21555,"minecraft:walk_on_water_one_cm":3578,"minecraft:sleep_in_bed":2,"minecraft:total_world_time":21555,"minecraft:fall_one_cm":5543,"minecraft:fly_one_cm":31791}},"DataVersion":3465}