{"stats":{"minecraft:crafted":{"minecraft:oak_door":3,"minecraft:oak_planks":32},"minecraft:dropped":{"alexsmobs:animal_dictionary":1,"ecologics:coconut_husk":5,"minecraft:clay_ball":8},"minecraft:used":{"minecraft:bread":5,"minecraft:oak_planks":7,"minecraft:oak_door":1,"ecologics:coconut_slice":4,"ecologics:seashell":1,"undead_revamp2:arapholia":1,"minecraft:brown_bed":3},"minecraft:killed":{"minecraft:spider":1},"minecraft:picked_up":{"minecraft:clay_ball":8,"ecologics:coconut_slice":4,"ecologics:seashell":1,"minecraft:brown_bed":3,"ecologics:coconut_husk":1,"minecraft:oak_log":8,"alexsmobs:animal_dictionary":1,"minecraft:string":1,"minecraft:stone_sword":1,"undead_revamp2:arapholia":1},"minecraft:mined":{"ecologics:seashell":1,"minecraft:clay":2,"minecraft:brown_bed":3,"minecraft:oak_log":8,"minecraft:oak_leaves":2},"minecraft:custom":{"minecraft:time_since_rest":10247,"minecraft:sprint_one_cm":111542,"minecraft:damage_taken":365,"minecraft:walk_one_cm":225890,"minecraft:mob_kills":1,"minecraft:drop":14,"minecraft:damage_dealt":160,"minecraft:swim_one_cm":2161,"minecraft:interact_with_crafting_table":2,"minecraft:fly_one_cm":64409,"minecraft:open_chest":3,"minecraft:crouch_one_cm":293,"minecraft:play_time":33555,"minecraft:sneak_time":73,"minecraft:walk_under_water_one_cm":3758,"minecraft:jump":433,"minecraft:eat_cake_slice":4,"minecraft:leave_game":1,"minecraft:walk_on_water_one_cm":5958,"minecraft:time_since_death":33555,"minecraft:sleep_in_bed":2,"minecraft:total_world_time":33555,"minecraft:fall_one_cm":10017}},"DataVersion":3465}