{"stats":{"minecraft:dropped":{"alexsmobs:animal_dictionary":1},"minecraft:picked_up":{"alexsmobs:animal_dictionary":1,"minecraft:brown_bed":1},"minecraft:mined":{"minecraft:brown_bed":1},"minecraft:custom":{"minecraft:jump":148,"minecraft:open_chest":1,"minecraft:time_since_rest":9555,"minecraft:crouch_one_cm":18,"minecraft:sprint_one_cm":47339,"minecraft:leave_game":1,"minecraft:play_time":9555,"minecraft:walk_on_water_one_cm":3578,"minecraft:time_since_death":9555,"minecraft:walk_one_cm":69556,"minecraft:sneak_time":36,"minecraft:total_world_time":9555,"minecraft:walk_under_water_one_cm":3657,"minecraft:fall_one_cm":1523,"minecraft:drop":1,"minecraft:fly_one_cm":18629}},"DataVersion":3465}