{"stats":{"minecraft:used":{"minecraft:stone_sword":93,"minecraft:stone_pickaxe":12,"minecraft:oak_planks":7,"minecraft:iron_sword":68,"minecraft:oak_door":1,"minecraft:cookie":2,"minecraft:torch":6,"minecraft:dirt":11,"iceandfire:tide_red_boots":1,"ecologics:seashell":1,"minecraft:bread":9,"minecraft:spruce_trapdoor":2,"ecologics:coconut_slice":4,"tombstone:gift":1,"alexsmobs:animal_dictionary":5,"undead_revamp2:arapholia":1,"minecraft:cooked_beef":1,"minecraft:potato":15,"minecraft:brown_bed":3},"minecraft:broken":{"minecraft:golden_helmet":1,"minecraft:golden_leggings":1},"minecraft:dropped":{"minecraft:iron_sword":1,"minecraft:wheat_seeds":20,"luminousworld:yellowpetunias":1,"alexsmobs:animal_dictionary":1,"minecraft:smooth_stone_slab":2,"luminousworld:white_petunias":1,"minecraft:book":4,"minecraft:white_carpet":31,"minecraft:cobblestone":3,"minecraft:clay_ball":8,"minecraft:spruce_stairs":3,"minecraft:spruce_fence":7,"minecraft:coal":6,"minecraft:item_frame":14,"minecraft:stick":5,"luminousworld:yellow_grassflowers":1,"minecraft:oxeye_daisy":1,"luminousworld:grassflowers":6,"iceandfire:sea_serpent_scales_red":4,"minecraft:brick_stairs":3,"minecraft:stone_button":6,"minecraft:spruce_trapdoor":3,"minecraft:stone_brick_wall":2,"ecologics:coconut_husk":5,"minecraft:oak_sapling":1,"minecraft:oak_stairs":9,"minecraft:stone_bricks":5,"minecraft:gold_nugget":8,"minecraft:white_banner":10,"minecraft:smooth_stone":1,"minecraft:brick_slab":2,"minecraft:armor_stand":1},"minecraft:custom":{"minecraft:mob_kills":5,"minecraft:interact_with_crafting_table":3,"minecraft:eat_cake_slice":9,"minecraft:leave_game":3,"minecraft:time_since_death":569,"minecraft:sleep_in_bed":5,"minecraft:time_since_rest":0,"minecraft:sprint_one_cm":259419,"minecraft:damage_taken":5461,"minecraft:walk_one_cm":443482,"minecraft:drop":56,"minecraft:damage_dealt":1781,"minecraft:swim_one_cm":2161,"minecraft:talked_to_villager":2,"tombstone:undead_killed":1,"minecraft:fly_one_cm":244982,"minecraft:open_chest":4,"minecraft:play_time":76702,"minecraft:crouch_one_cm":624,"minecraft:deaths":19,"minecraft:sneak_time":272,"minecraft:walk_under_water_one_cm":8979,"minecraft:jump":1467,"minecraft:walk_on_water_one_cm":16268,"minecraft:total_world_time":76702,"minecraft:fall_one_cm":32065},"minecraft:picked_up":{"luminousworld:groundpebbles_1":3,"minecraft:cooked_beef":1,"minecraft:clay_ball":8,"minecraft:golden_leggings":1,"ecologics:seashell":1,"minecraft:brown_bed":3,"minecraft:oak_stairs":1,"minecraft:stone_brick_wall":1,"minecraft:oak_log":8,"minecraft:gunpowder":2,"minecraft:paper":1,"minecraft:string":2,"minecraft:dirt":11,"minecraft:lantern":2,"minecraft:white_banner":9,"minecraft:purple_carpet":5,"minecraft:smooth_stone_slab":2,"minecraft:item_frame":9,"minecraft:armor_stand":1,"minecraft:white_carpet":16,"minecraft:stone_bricks":3,"minecraft:wheat_seeds":8,"minecraft:gold_nugget":8,"minecraft:smooth_stone":2,"minecraft:stone_pickaxe":1,"minecraft:spruce_slab":1,"luminousworld:white_petunias":1,"minecraft:iron_sword":2,"minecraft:spruce_trapdoor":4,"minecraft:book":3,"minecraft:golden_helmet":1,"minecraft:stick":2,"minecraft:oak_door":1,"ecologics:coconut_slice":5,"minecraft:torch":4,"minecraft:spruce_stairs":2,"minecraft:spruce_fence":5,"ecologics:coconut_husk":1,"minecraft:stone_button":1,"minecraft:cookie":2,"tombstone:grave_dust":1,"alexsmobs:animal_dictionary":1,"minecraft:brick_slab":4,"minecraft:stone_sword":1,"luminousworld:grassflowers":4,"luminousworld:yellow_grassflowers":1,"luminousworld:yellowpetunias":1,"iceandfire:sea_serpent_scales_red":8,"minecraft:emerald":1,"minecraft:brick_stairs":3,"minecraft:oak_sapling":1,"iceandfire:silver_nugget":6,"minecraft:coal":7,"undead_revamp2:arapholia":1,"minecraft:white_wool":4,"minecraft:cobblestone":3},"minecraft:mined":{"luminousworld:yellowpetunias":1,"minecraft:clay":2,"minecraft:torch":1,"iceandfire:frozen_stone":1,"minecraft:grass_block":12,"iceandfire:frozen_dirt":1,"minecraft:tall_grass":4,"minecraft:wall_torch":1,"ecologics:seashell":1,"minecraft:ice":1,"minecraft:brown_bed":3,"minecraft:grass":1,"minecraft:oak_log":8,"minecraft:coal_ore":7,"iceandfire:silver_pile":1,"iceandfire:gold_pile":1,"minecraft:stone":3,"minecraft:oak_leaves":2},"minecraft:killed":{"minecraft:spider":1,"enemyexpansion:direwolf":2,"undead_revamp2:thespitter":1,"iceandfire:sea_serpent":1},"minecraft:killed_by":{"iceandfire:ice_dragon":17},"minecraft:crafted":{"minecraft:oak_door":3,"minecraft:oak_planks":32,"iceandfire:tide_red_boots":1,"minecraft:stick":4,"minecraft:torch":4}},"DataVersion":3465}