{"stats":{"minecraft:crafted":{"minecraft:oak_door":3,"minecraft:oak_planks":32,"minecraft:stick":4,"minecraft:torch":4},"minecraft:dropped":{"alexsmobs:animal_dictionary":1,"ecologics:coconut_husk":5,"minecraft:clay_ball":8},"minecraft:used":{"minecraft:stone_sword":10,"minecraft:bread":5,"minecraft:stone_pickaxe":12,"minecraft:oak_planks":7,"minecraft:torch":5,"minecraft:oak_door":1,"ecologics:coconut_slice":4,"ecologics:seashell":1,"undead_revamp2:arapholia":1,"minecraft:potato":2,"minecraft:cooked_beef":1,"minecraft:brown_bed":3},"minecraft:killed":{"minecraft:spider":1,"enemyexpansion:direwolf":2},"minecraft:picked_up":{"minecraft:cooked_beef":1,"minecraft:clay_ball":8,"ecologics:coconut_slice":4,"minecraft:torch":2,"ecologics:seashell":1,"minecraft:brown_bed":3,"ecologics:coconut_husk":1,"minecraft:oak_log":8,"alexsmobs:animal_dictionary":1,"minecraft:string":1,"minecraft:stone_sword":1,"minecraft:stone_pickaxe":1,"minecraft:coal":7,"undead_revamp2:arapholia":1,"minecraft:cobblestone":3},"minecraft:mined":{"ecologics:seashell":1,"minecraft:torch":1,"minecraft:clay":2,"minecraft:brown_bed":3,"minecraft:coal_ore":7,"minecraft:oak_log":8,"minecraft:stone":3,"minecraft:oak_leaves":2,"minecraft:wall_torch":1},"minecraft:custom":{"minecraft:time_since_rest":1913,"minecraft:sprint_one_cm":120503,"minecraft:damage_taken":480,"minecraft:walk_one_cm":261153,"minecraft:mob_kills":3,"minecraft:drop":14,"minecraft:damage_dealt":479,"minecraft:swim_one_cm":2161,"minecraft:interact_with_crafting_table":2,"minecraft:fly_one_cm":68441,"minecraft:open_chest":4,"minecraft:crouch_one_cm":293,"minecraft:play_time":39555,"minecraft:sneak_time":73,"minecraft:walk_under_water_one_cm":6380,"minecraft:jump":506,"minecraft:eat_cake_slice":7,"minecraft:leave_game":1,"minecraft:walk_on_water_one_cm":14236,"minecraft:time_since_death":39555,"minecraft:sleep_in_bed":3,"minecraft:total_world_time":39555,"minecraft:fall_one_cm":11188}},"DataVersion":3465}