{"stats":{"minecraft:used":{"minecraft:stone_sword":94,"minecraft:stone_pickaxe":12,"minecraft:oak_planks":7,"minecraft:cookie":2,"minecraft:iron_sword":70,"minecraft:oak_door":1,"minecraft:torch":6,"minecraft:dirt":11,"iceandfire:tide_red_boots":1,"ecologics:seashell":1,"alexsmobs:flying_fish":1,"minecraft:bread":9,"minecraft:suspicious_stew":3,"minecraft:spruce_trapdoor":2,"ecologics:coconut_slice":4,"minecraft:oak_boat":2,"alexsmobs:animal_dictionary":5,"tombstone:gift":1,"minecraft:brown_bed":3,"undead_revamp2:arapholia":1,"minecraft:cooked_beef":1,"minecraft:potato":16},"minecraft:broken":{"minecraft:golden_helmet":1,"minecraft:golden_leggings":1},"minecraft:dropped":{"minecraft:iron_sword":1,"minecraft:wheat_seeds":20,"luminousworld:yellowpetunias":1,"alexsmobs:animal_dictionary":1,"minecraft:smooth_stone_slab":2,"luminousworld:white_petunias":1,"minecraft:white_carpet":31,"minecraft:cobblestone":3,"minecraft:book":4,"minecraft:clay_ball":8,"minecraft:spruce_stairs":3,"minecraft:spruce_fence":7,"minecraft:coal":6,"minecraft:item_frame":14,"minecraft:stick":5,"luminousworld:yellow_grassflowers":1,"minecraft:oxeye_daisy":1,"luminousworld:grassflowers":6,"iceandfire:sea_serpent_scales_red":4,"minecraft:brick_stairs":3,"minecraft:stone_button":6,"minecraft:spruce_trapdoor":3,"minecraft:stone_brick_wall":2,"ecologics:coconut_husk":5,"minecraft:oak_sapling":1,"minecraft:stone_bricks":5,"minecraft:oak_stairs":9,"minecraft:gold_nugget":8,"minecraft:white_banner":10,"minecraft:smooth_stone":1,"minecraft:brick_slab":2,"minecraft:armor_stand":1},"minecraft:custom":{"minecraft:mob_kills":7,"minecraft:interact_with_crafting_table":4,"minecraft:eat_cake_slice":9,"minecraft:leave_game":3,"minecraft:time_since_death":19502,"minecraft:sleep_in_bed":6,"minecraft:time_since_rest":18188,"minecraft:sprint_one_cm":270646,"minecraft:damage_taken":5840,"minecraft:walk_one_cm":495966,"minecraft:drop":56,"minecraft:damage_dealt":1881,"minecraft:swim_one_cm":12940,"minecraft:talked_to_villager":2,"minecraft:fly_one_cm":255834,"minecraft:play_time":95635,"minecraft:crouch_one_cm":624,"minecraft:open_chest":7,"tombstone:undead_killed":1,"minecraft:deaths":19,"minecraft:sneak_time":307,"minecraft:walk_under_water_one_cm":15465,"minecraft:boat_one_cm":246494,"minecraft:jump":1768,"minecraft:walk_on_water_one_cm":20689,"minecraft:total_world_time":95635,"minecraft:fall_one_cm":32988},"minecraft:picked_up":{"luminousworld:groundpebbles_1":3,"minecraft:crafting_table":1,"minecraft:feather":2,"minecraft:cooked_beef":1,"minecraft:clay_ball":8,"minecraft:golden_leggings":1,"ecologics:seashell":1,"minecraft:oak_stairs":1,"minecraft:brown_bed":3,"minecraft:stone_brick_wall":1,"minecraft:oak_log":9,"minecraft:lily_pad":7,"minecraft:gunpowder":2,"minecraft:string":2,"minecraft:dirt":18,"minecraft:paper":1,"minecraft:lantern":2,"minecraft:white_banner":9,"minecraft:smooth_stone_slab":2,"minecraft:purple_carpet":5,"minecraft:item_frame":9,"minecraft:armor_stand":1,"minecraft:white_carpet":16,"minecraft:stone_bricks":3,"minecraft:wheat_seeds":8,"minecraft:gold_nugget":8,"minecraft:smooth_stone":2,"minecraft:stone_pickaxe":1,"minecraft:oak_boat":1,"minecraft:spruce_slab":1,"luminousworld:white_petunias":1,"minecraft:iron_sword":2,"minecraft:spruce_trapdoor":4,"minecraft:book":3,"minecraft:golden_helmet":1,"minecraft:stick":2,"naturalist:duck":1,"minecraft:oak_door":1,"ecologics:coconut_slice":5,"minecraft:torch":4,"minecraft:spruce_stairs":2,"minecraft:spruce_fence":5,"ecologics:coconut_husk":1,"minecraft:stone_button":1,"minecraft:cookie":2,"tombstone:grave_dust":1,"alexsmobs:animal_dictionary":1,"minecraft:brick_slab":4,"luminousworld:grassflowers":4,"minecraft:stone_sword":1,"luminousworld:yellow_grassflowers":1,"luminousworld:yellowpetunias":1,"alexsmobs:flying_fish":1,"iceandfire:sea_serpent_scales_red":8,"minecraft:emerald":1,"minecraft:brick_stairs":3,"minecraft:oak_sapling":1,"iceandfire:silver_nugget":6,"minecraft:coal":7,"undead_revamp2:arapholia":1,"minecraft:white_wool":4,"minecraft:cobblestone":3},"minecraft:mined":{"luminousworld:yellowpetunias":1,"minecraft:crafting_table":1,"minecraft:torch":1,"minecraft:clay":2,"minecraft:grass_block":16,"iceandfire:frozen_stone":1,"iceandfire:frozen_dirt":1,"minecraft:tall_grass":4,"minecraft:wall_torch":1,"ecologics:seashell":1,"minecraft:ice":1,"minecraft:brown_bed":3,"minecraft:grass":1,"iceandfire:silver_pile":1,"minecraft:coal_ore":7,"minecraft:oak_log":10,"iceandfire:gold_pile":1,"minecraft:dirt":4,"minecraft:stone":3,"minecraft:oak_leaves":2},"minecraft:killed":{"minecraft:spider":1,"enemyexpansion:direwolf":2,"naturalist:duck":1,"alexsmobs:flying_fish":1,"undead_revamp2:thespitter":1,"iceandfire:sea_serpent":1},"minecraft:killed_by":{"iceandfire:ice_dragon":17},"minecraft:crafted":{"minecraft:oak_door":3,"minecraft:oak_planks":32,"iceandfire:tide_red_boots":1,"minecraft:oak_boat":1,"minecraft:stick":4,"minecraft:torch":4}},"DataVersion":3465}