{"stats":{"minecraft:used":{"minecraft:stone_sword":100,"minecraft:iron_sword":111,"minecraft:iron_chestplate":1,"minecraft:oak_door":1,"minecraft:torch":6,"minecraft:dirt":11,"iceandfire:tide_red_boots":1,"ecologics:seashell":1,"minecraft:lantern":1,"minecraft:iron_helmet":1,"minecraft:iron_boots":1,"minecraft:item_frame":1,"naturalist:duck":1,"ecologics:coconut_boat":6,"tombstone:gift":1,"minecraft:egg":1,"undead_revamp2:arapholia":1,"minecraft:potato":20,"minecraft:cooked_beef":1,"minecraft:iron_leggings":1,"minecraft:brown_bed":3,"minecraft:stone_pickaxe":12,"minecraft:oak_planks":7,"minecraft:cookie":2,"minecraft:crafting_table":3,"minecraft:white_bed":2,"alexsmobs:flying_fish":1,"minecraft:apple":2,"minecraft:bread":9,"minecraft:suspicious_stew":3,"minecraft:spruce_trapdoor":2,"ecologics:coconut_slice":6,"born_in_chaos_v1:rotten_fish":1,"alexsmobs:animal_dictionary":5,"minecraft:oak_boat":2},"minecraft:broken":{"minecraft:golden_helmet":1,"minecraft:golden_leggings":1},"minecraft:dropped":{"minecraft:iron_sword":1,"minecraft:wheat_seeds":20,"luminousworld:yellowpetunias":1,"luminousworld:white_petunias":1,"minecraft:cobblestone":3,"minecraft:book":4,"minecraft:spruce_stairs":3,"minecraft:coal":6,"minecraft:item_frame":14,"minecraft:stick":5,"minecraft:oxeye_daisy":1,"iceandfire:sea_serpent_scales_red":4,"minecraft:stone_button":6,"tombstone:grave_key":2,"minecraft:gold_nugget":8,"minecraft:oak_stairs":9,"minecraft:white_banner":10,"minecraft:smooth_stone":1,"minecraft:armor_stand":1,"alexsmobs:animal_dictionary":1,"minecraft:smooth_stone_slab":2,"minecraft:bowl":1,"minecraft:white_carpet":31,"minecraft:clay_ball":8,"minecraft:spruce_fence":7,"luminousworld:yellow_grassflowers":1,"minecraft:filled_map":1,"luminousworld:grassflowers":6,"minecraft:brick_stairs":3,"minecraft:spruce_trapdoor":3,"minecraft:stone_brick_wall":2,"ecologics:coconut_husk":5,"minecraft:oak_sapling":1,"minecraft:stone_bricks":5,"minecraft:brick_slab":2},"minecraft:custom":{"minecraft:mob_kills":12,"minecraft:interact_with_crafting_table":12,"minecraft:eat_cake_slice":11,"minecraft:leave_game":4,"minecraft:time_since_death":6973,"minecraft:climb_one_cm":1366,"minecraft:sprint_one_cm":416657,"minecraft:walk_one_cm":607552,"minecraft:drop":60,"minecraft:talked_to_villager":2,"minecraft:play_time":133174,"minecraft:deaths":22,"minecraft:sneak_time":371,"minecraft:walk_under_water_one_cm":25329,"minecraft:boat_one_cm":574297,"minecraft:jump":2401,"minecraft:walk_on_water_one_cm":31842,"minecraft:total_world_time":133174,"minecraft:sleep_in_bed":7,"minecraft:time_since_rest":6273,"minecraft:damage_taken":6482,"minecraft:trigger_trapped_chest":1,"minecraft:damage_dealt":2812,"minecraft:swim_one_cm":23678,"minecraft:fly_one_cm":380078,"minecraft:open_chest":9,"minecraft:crouch_one_cm":624,"tombstone:undead_killed":2,"minecraft:fall_one_cm":45239},"minecraft:picked_up":{"luminousworld:groundpebbles_1":3,"minecraft:crafting_table":4,"minecraft:chicken":1,"minecraft:clay_ball":8,"minecraft:lead":1,"ecologics:seashell":1,"minecraft:stone_brick_wall":1,"minecraft:brown_bed":3,"minecraft:oak_stairs":1,"tombstone:grave_key":2,"ecologics:coconut_boat":5,"minecraft:string":2,"minecraft:iron_leggings":1,"minecraft:white_carpet":16,"minecraft:armor_stand":2,"minecraft:smooth_stone_slab":2,"minecraft:item_frame":10,"minecraft:gold_nugget":8,"minecraft:smooth_stone":2,"minecraft:oak_boat":2,"minecraft:spruce_slab":1,"minecraft:spruce_trapdoor":4,"minecraft:iron_boots":1,"minecraft:egg":1,"minecraft:golden_helmet":1,"minecraft:stick":2,"naturalist:duck":1,"minecraft:oak_door":1,"ecologics:coconut_slice":7,"minecraft:torch":4,"minecraft:spruce_stairs":2,"minecraft:spruce_fence":5,"minecraft:stone_button":1,"minecraft:cookie":2,"tombstone:grave_dust":1,"minecraft:stone_pressure_plate":1,"luminousworld:grassflowers":4,"minecraft:stone_sword":1,"luminousworld:yellow_grassflowers":1,"ecologics:coconut_log":6,"minecraft:brick_stairs":3,"minecraft:cobblestone":3,"minecraft:white_wool":4,"undead_revamp2:arapholia":1,"alexsmobs:flying_fish":1,"minecraft:feather":4,"minecraft:cooked_beef":1,"minecraft:golden_leggings":1,"minecraft:oak_log":9,"minecraft:lily_pad":7,"minecraft:gunpowder":2,"minecraft:paper":1,"minecraft:dirt":19,"minecraft:lantern":2,"minecraft:white_banner":9,"minecraft:purple_carpet":5,"minecraft:stone_bricks":3,"minecraft:kelp":10,"minecraft:wheat_seeds":9,"minecraft:stone_pickaxe":1,"luminousworld:white_petunias":1,"minecraft:iron_sword":3,"minecraft:book":3,"ecologics:coconut_husk":1,"minecraft:sand":6,"minecraft:white_bed":3,"alexsmobs:animal_dictionary":1,"minecraft:brick_slab":4,"luminousworld:yellowpetunias":1,"minecraft:iron_helmet":1,"iceandfire:sea_serpent_scales_red":8,"minecraft:bone_meal":1,"minecraft:emerald":1,"minecraft:oak_sapling":1,"born_in_chaos_v1:rotten_fish":1,"iceandfire:silver_nugget":6,"minecraft:coal":7},"minecraft:mined":{"minecraft:white_bed":3,"luminousworld:yellowpetunias":1,"iceandfire:frozen_stone":1,"minecraft:grass_block":17,"luminousworld:grassvariant_2":3,"ecologics:coconut_log":6,"minecraft:brown_bed":3,"minecraft:vine":1,"iceandfire:gold_pile":1,"minecraft:stone":3,"minecraft:clay":2,"minecraft:crafting_table":4,"minecraft:torch":1,"iceandfire:frozen_dirt":1,"minecraft:tall_grass":4,"minecraft:wall_torch":1,"ecologics:seashell":1,"minecraft:ice":1,"minecraft:grass":22,"minecraft:oak_log":10,"minecraft:coal_ore":7,"iceandfire:silver_pile":1,"minecraft:sand":6,"minecraft:dirt":4,"luminousworld:grassvariant_3":3,"minecraft:oak_leaves":2},"minecraft:killed":{"minecraft:spider":1,"enemyexpansion:direwolf":2,"naturalist:duck":1,"minecraft:chicken":1,"born_in_chaos_v1:corpse_fish":2,"undead_revamp2:thespitter":1,"alexsmobs:flying_fish":1,"iceandfire:ghost":1,"born_in_chaos_v1:corpse_fly":1,"iceandfire:sea_serpent":1},"minecraft:killed_by":{"iceandfire:ice_dragon":17,"iceandfire:ghost":2,"iceandfire:fire_dragon":1},"minecraft:crafted":{"minecraft:oak_door":3,"minecraft:oak_planks":32,"ecologics:coconut_planks":24,"iceandfire:tide_red_boots":1,"ecologics:coconut_boat":2,"minecraft:crafting_table":2,"minecraft:oak_boat":1,"minecraft:stick":4,"minecraft:white_bed":1,"minecraft:torch":4}},"DataVersion":3465}