{"stats":{"minecraft:crafted":{"minecraft:oak_door":3,"minecraft:oak_planks":32,"iceandfire:tide_red_boots":1,"minecraft:stick":4,"minecraft:torch":4},"minecraft:dropped":{"alexsmobs:animal_dictionary":1,"minecraft:clay_ball":8,"iceandfire:sea_serpent_scales_red":4,"ecologics:coconut_husk":5,"minecraft:brick_slab":2},"minecraft:used":{"minecraft:stone_sword":93,"minecraft:stone_pickaxe":12,"minecraft:oak_planks":7,"minecraft:iron_sword":15,"minecraft:oak_door":1,"minecraft:torch":6,"iceandfire:tide_red_boots":1,"ecologics:seashell":1,"minecraft:bread":9,"ecologics:coconut_slice":4,"undead_revamp2:arapholia":1,"alexsmobs:animal_dictionary":1,"minecraft:cooked_beef":1,"minecraft:potato":8,"minecraft:brown_bed":3},"minecraft:killed_by":{"iceandfire:ice_dragon":5},"minecraft:killed":{"minecraft:spider":1,"enemyexpansion:direwolf":2,"iceandfire:sea_serpent":1},"minecraft:picked_up":{"luminousworld:groundpebbles_1":3,"minecraft:cooked_beef":1,"minecraft:clay_ball":8,"minecraft:golden_leggings":1,"ecologics:seashell":1,"minecraft:brown_bed":3,"minecraft:oak_log":8,"minecraft:string":2,"minecraft:paper":1,"minecraft:lantern":2,"minecraft:white_banner":6,"minecraft:smooth_stone_slab":2,"minecraft:armor_stand":1,"minecraft:purple_carpet":5,"minecraft:item_frame":5,"minecraft:white_carpet":10,"minecraft:stone_bricks":1,"minecraft:wheat_seeds":1,"minecraft:smooth_stone":1,"minecraft:stone_pickaxe":1,"minecraft:spruce_slab":1,"minecraft:iron_sword":2,"minecraft:spruce_trapdoor":3,"minecraft:book":3,"minecraft:golden_helmet":1,"minecraft:oak_door":1,"ecologics:coconut_slice":4,"minecraft:torch":4,"minecraft:spruce_stairs":1,"minecraft:spruce_fence":5,"ecologics:coconut_husk":1,"minecraft:cookie":2,"alexsmobs:animal_dictionary":1,"minecraft:brick_slab":4,"luminousworld:grassflowers":1,"minecraft:stone_sword":1,"luminousworld:yellow_grassflowers":1,"iceandfire:sea_serpent_scales_red":8,"minecraft:brick_stairs":3,"undead_revamp2:arapholia":1,"minecraft:coal":7,"minecraft:white_wool":4,"minecraft:cobblestone":3},"minecraft:mined":{"minecraft:clay":2,"minecraft:torch":1,"minecraft:wall_torch":1,"ecologics:seashell":1,"minecraft:brown_bed":3,"minecraft:oak_log":8,"minecraft:coal_ore":7,"minecraft:stone":3,"minecraft:oak_leaves":2},"minecraft:custom":{"minecraft:mob_kills":4,"minecraft:interact_with_crafting_table":3,"minecraft:eat_cake_slice":7,"minecraft:leave_game":1,"minecraft:time_since_death":723,"minecraft:sleep_in_bed":3,"minecraft:time_since_rest":29,"minecraft:sprint_one_cm":170180,"minecraft:damage_taken":1866,"minecraft:walk_one_cm":336178,"minecraft:drop":16,"minecraft:damage_dealt":1297,"minecraft:swim_one_cm":2161,"minecraft:talked_to_villager":2,"minecraft:fly_one_cm":119851,"minecraft:open_chest":4,"minecraft:crouch_one_cm":598,"minecraft:play_time":51555,"minecraft:deaths":5,"minecraft:sneak_time":239,"minecraft:walk_under_water_one_cm":6380,"minecraft:jump":771,"minecraft:walk_on_water_one_cm":14236,"minecraft:total_world_time":51555,"minecraft:fall_one_cm":15978}},"DataVersion":3465}