{"stats":{"minecraft:used":{"minecraft:wooden_axe":43,"minecraft:oak_planks":43,"minecraft:crafting_table":1,"minecraft:carrot":5,"tombstone:gift":2,"alexsmobs:animal_dictionary":2,"minecraft:splash_potion":1},"minecraft:broken":{"minecraft:wooden_axe":1},"minecraft:dropped":{"minecraft:wheat_seeds":1,"alexsmobs:animal_dictionary":1,"naturalist:cattail_fluff":2},"minecraft:picked_up":{"minecraft:mud":1,"minecraft:crafting_table":1,"naturalist:cattail_fluff":2,"minecraft:oak_log":14,"minecraft:wheat_seeds":1,"minecraft:oak_sapling":1,"minecraft:oak_planks":1},"minecraft:custom":{"minecraft:time_since_rest":519,"minecraft:sprint_one_cm":52730,"minecraft:damage_taken":632,"minecraft:walk_one_cm":82022,"minecraft:trigger_trapped_chest":1,"minecraft:mob_kills":4,"minecraft:drop":4,"minecraft:damage_dealt":538,"minecraft:swim_one_cm":6092,"minecraft:interact_with_crafting_table":3,"minecraft:talked_to_villager":2,"minecraft:fly_one_cm":76990,"minecraft:open_chest":4,"minecraft:crouch_one_cm":1721,"minecraft:play_time":22152,"tombstone:undead_killed":2,"minecraft:deaths":2,"minecraft:sneak_time":684,"minecraft:walk_under_water_one_cm":2616,"minecraft:jump":520,"minecraft:eat_cake_slice":5,"minecraft:time_since_death":6735,"minecraft:walk_on_water_one_cm":7488,"minecraft:sleep_in_bed":3,"minecraft:total_world_time":22152,"minecraft:climb_one_cm":1282,"minecraft:fall_one_cm":7020,"minecraft:horse_one_cm":573},"minecraft:mined":{"naturalist:cattail":1,"minecraft:mud":1,"minecraft:birch_leaves":2,"minecraft:crafting_table":1,"minecraft:grass":2,"minecraft:oak_log":14,"minecraft:vine":1,"luminousworld:whiteoakleaves":1,"minecraft:tall_grass":1,"minecraft:oak_planks":1,"minecraft:oak_leaves":10,"minecraft:fern":1},"minecraft:killed":{"iceandfire:ghost":2,"luminousworld:littlewood":1,"luminousworld:swallowtail":1},"minecraft:killed_by":{"iceandfire:ghost":2},"minecraft:crafted":{"minecraft:oak_planks":56,"minecraft:crafting_table":1,"minecraft:stick":4,"minecraft:wooden_axe":1}},"DataVersion":3465}