{"stats":{"minecraft:used":{"minecraft:wooden_axe":13,"minecraft:crafting_table":1,"minecraft:oak_planks":31,"alexsmobs:animal_dictionary":2},"minecraft:picked_up":{"minecraft:crafting_table":1,"minecraft:oak_log":14,"minecraft:oak_sapling":1},"minecraft:custom":{"minecraft:time_since_rest":3491,"minecraft:open_chest":2,"minecraft:crouch_one_cm":1265,"minecraft:play_time":10152,"minecraft:sprint_one_cm":25083,"minecraft:damage_taken":155,"minecraft:walk_one_cm":37352,"minecraft:sneak_time":510,"minecraft:mob_kills":1,"minecraft:jump":185,"minecraft:eat_cake_slice":5,"minecraft:damage_dealt":10,"minecraft:time_since_death":10152,"minecraft:sleep_in_bed":1,"minecraft:climb_one_cm":299,"minecraft:total_world_time":10152,"minecraft:fall_one_cm":3170,"minecraft:talked_to_villager":2,"minecraft:interact_with_crafting_table":3,"minecraft:fly_one_cm":20810},"minecraft:mined":{"minecraft:grass":1,"minecraft:oak_log":14,"minecraft:oak_leaves":2,"minecraft:crafting_table":1},"minecraft:killed":{"luminousworld:swallowtail":1},"minecraft:crafted":{"minecraft:oak_planks":56,"minecraft:crafting_table":1,"minecraft:stick":4,"minecraft:wooden_axe":1}},"DataVersion":3465}