{"stats":{"minecraft:used":{"minecraft:mud":1,"minecraft:wooden_axe":57,"naturalist:catfish":1,"minecraft:oak_planks":43,"tombstone:magic_scroll":2,"luminousworld:groundpebbles_1":1,"luminousworld:savannah_ground":3,"minecraft:dirt":11,"minecraft:sand":1,"minecraft:crafting_table":2,"minecraft:carrot":7,"tombstone:gift":2,"alexsmobs:animal_dictionary":2,"minecraft:splash_potion":1},"minecraft:broken":{"minecraft:wooden_axe":1},"minecraft:dropped":{"minecraft:wheat_seeds":1,"alexsmobs:animal_dictionary":1,"naturalist:cattail_fluff":2},"minecraft:picked_up":{"luminousworld:groundpebbles_1":1,"minecraft:mud":1,"minecraft:crafting_table":1,"luminousworld:savannah_ground":3,"naturalist:cattail_fluff":2,"ecologics:seashell":1,"minecraft:sand":1,"minecraft:oak_log":14,"minecraft:dirt":11,"minecraft:wheat_seeds":1,"naturalist:catfish":1,"tombstone:magic_scroll":1,"minecraft:oak_sapling":1,"minecraft:oak_planks":1},"minecraft:custom":{"minecraft:time_since_rest":15794,"minecraft:sprint_one_cm":80037,"minecraft:damage_taken":722,"minecraft:walk_one_cm":122783,"minecraft:trigger_trapped_chest":1,"minecraft:mob_kills":6,"minecraft:drop":4,"minecraft:damage_dealt":1360,"minecraft:swim_one_cm":9743,"minecraft:interact_with_crafting_table":4,"minecraft:talked_to_villager":2,"minecraft:fly_one_cm":126786,"minecraft:open_chest":5,"minecraft:crouch_one_cm":2224,"minecraft:play_time":37427,"tombstone:undead_killed":3,"minecraft:deaths":2,"minecraft:sneak_time":902,"minecraft:walk_under_water_one_cm":7008,"minecraft:jump":834,"minecraft:eat_cake_slice":5,"minecraft:leave_game":1,"minecraft:time_since_death":22010,"minecraft:walk_on_water_one_cm":11716,"minecraft:sleep_in_bed":3,"minecraft:total_world_time":37427,"minecraft:climb_one_cm":24951,"minecraft:fall_one_cm":14947,"minecraft:horse_one_cm":573},"minecraft:mined":{"naturalist:cattail":1,"ecologics:seashell":1,"minecraft:mud":1,"minecraft:birch_leaves":3,"minecraft:crafting_table":1,"minecraft:grass":2,"minecraft:grass_block":7,"minecraft:oak_log":14,"minecraft:vine":1,"minecraft:dirt":5,"minecraft:sand":2,"luminousworld:whiteoakleaves":1,"minecraft:tall_grass":1,"minecraft:oak_planks":1,"minecraft:oak_leaves":10,"luminousworld:groundpebbles_3":1,"minecraft:fern":1,"luminousworld:savannah_ground":3},"minecraft:killed":{"naturalist:catfish":1,"iceandfire:ghost":2,"luminousworld:littlewood":1,"luminousworld:swallowtail":1,"born_in_chaos_v1:zombie_bruiser":1},"minecraft:killed_by":{"iceandfire:ghost":2},"minecraft:crafted":{"minecraft:oak_planks":56,"minecraft:crafting_table":1,"minecraft:stick":4,"minecraft:wooden_axe":2}},"DataVersion":3465}