{"stats":{"minecraft:used":{"naturalist:bass":1,"naturalist:catfish":1,"minecraft:oak_planks":43,"luminousworld:groundpebbles_1":1,"luminousworld:savannah_ground":5,"minecraft:dirt":12,"minecraft:sand":1,"minecraft:crafting_table":2,"minecraft:carrot":7,"alexsmobs:flying_fish":1,"minecraft:mud":1,"minecraft:wooden_axe":81,"minecraft:bread":2,"tombstone:magic_scroll":2,"ecologics:coconut_slice":13,"tombstone:gift":2,"alexsmobs:animal_dictionary":2,"minecraft:brown_bed":2,"minecraft:splash_potion":1},"minecraft:broken":{"minecraft:wooden_axe":2},"minecraft:dropped":{"minecraft:wheat_seeds":1,"alexsmobs:animal_dictionary":1,"naturalist:cattail_fluff":2,"ecologics:coconut_husk":2,"minecraft:oak_sapling":1},"minecraft:custom":{"minecraft:mob_kills":11,"minecraft:interact_with_crafting_table":4,"minecraft:eat_cake_slice":5,"minecraft:leave_game":2,"minecraft:time_since_death":0,"minecraft:sleep_in_bed":4,"minecraft:climb_one_cm":25964,"minecraft:time_since_rest":2712,"minecraft:sprint_one_cm":149488,"minecraft:damage_taken":1637,"minecraft:walk_one_cm":179030,"minecraft:trigger_trapped_chest":1,"minecraft:drop":7,"minecraft:damage_dealt":1828,"minecraft:swim_one_cm":24776,"minecraft:talked_to_villager":2,"minecraft:fly_one_cm":273306,"minecraft:open_chest":5,"minecraft:crouch_one_cm":2702,"minecraft:play_time":65891,"tombstone:undead_killed":3,"minecraft:deaths":5,"minecraft:sneak_time":1409,"minecraft:walk_under_water_one_cm":16254,"minecraft:jump":1514,"minecraft:walk_on_water_one_cm":31910,"minecraft:total_world_time":65891,"minecraft:fall_one_cm":34247,"minecraft:horse_one_cm":573},"minecraft:picked_up":{"minecraft:mud":2,"luminousworld:groundpebbles_1":1,"minecraft:crafting_table":1,"luminousworld:savannah_ground":5,"ecologics:seashell":1,"minecraft:brown_bed":2,"minecraft:oak_log":14,"minecraft:lily_pad":1,"minecraft:dirt":12,"naturalist:bass":1,"minecraft:wheat_seeds":1,"naturalist:catfish":1,"minecraft:oak_planks":1,"ecologics:coconut_slice":16,"naturalist:cattail_fluff":2,"minecraft:sand":1,"ecologics:coconut_husk":1,"minecraft:bread":3,"tombstone:magic_scroll":1,"minecraft:oak_sapling":1,"alexsmobs:flying_fish":2},"minecraft:mined":{"naturalist:cattail":1,"luminousworld:mossbuds_1":1,"minecraft:crafting_table":1,"minecraft:grass_block":7,"luminousworld:whiteoakleaves":1,"minecraft:tall_grass":1,"minecraft:lily_pad":1,"minecraft:oak_planks":1,"luminousworld:groundpebbles_3":1,"ecologics:seashell":1,"minecraft:mud":2,"minecraft:birch_leaves":3,"minecraft:brown_bed":2,"minecraft:grass":7,"minecraft:oak_log":14,"minecraft:vine":9,"minecraft:sand":2,"minecraft:dirt":6,"minecraft:oak_leaves":10,"minecraft:fern":3,"luminousworld:savannah_ground":5},"minecraft:killed":{"alexsmobs:lobster":2,"luminousworld:littlewood":1,"luminousworld:swallowtail":1,"born_in_chaos_v1:zombie_bruiser":1,"alexsmobs:alligator_snapping_turtle":1,"naturalist:catfish":1,"iceandfire:ghost":2,"alexsmobs:flying_fish":2},"minecraft:killed_by":{"undead_revamp2:thesomnolence":1,"iceandfire:ghost":2},"minecraft:crafted":{"minecraft:oak_planks":56,"minecraft:crafting_table":1,"minecraft:stick":4,"minecraft:wooden_axe":2}},"DataVersion":3465}