{"stats":{"minecraft:mined":{"minecraft:fire":1,"minecraft:grass_block":1,"ecologics:seashell":1},"minecraft:picked_up":{"luminousworld:groundpebbles_1":1,"ecologics:seashell":1},"minecraft:custom":{"minecraft:jump":39,"minecraft:time_since_rest":2464,"minecraft:leave_game":1,"minecraft:crouch_one_cm":41,"minecraft:sprint_one_cm":10417,"minecraft:play_time":2464,"minecraft:time_since_death":2464,"minecraft:walk_one_cm":6021,"minecraft:sneak_time":49,"minecraft:total_world_time":2464,"minecraft:fall_one_cm":1792,"minecraft:fly_one_cm":7453},"minecraft:used":{"ecologics:seashell":1,"luminousworld:groundpebbles_1":1}},"DataVersion":3465}