{"stats":{"minecraft:crafted":{"minecraft:cooked_beef":3,"minecraft:iron_helmet":1,"minecraft:iron_sword":1,"minecraft:air":0,"minecraft:iron_chestplate":1,"minecraft:iron_boots":1,"minecraft:iron_leggings":1,"minecraft:white_bed":1},"minecraft:used":{"minecraft:damaged_anvil":1,"minecraft:iron_sword":7,"minecraft:white_wool":1,"minecraft:tnt":1,"ecologics:seashell":2,"minecraft:white_bed":1,"minecraft:black_bed":1,"minecraft:bread":2,"minecraft:iron_pickaxe":27,"minecraft:stone_bricks":1,"tombstone:gift":3,"minecraft:skeleton_skull":1,"minecraft:egg":2,"minecraft:cooked_beef":3,"minecraft:experience_bottle":5},"minecraft:dropped":{"minecraft:bread":2,"undead_revamp2:huntereye":1,"minecraft:rotten_flesh":2,"iceandfire:ectoplasm":3,"minecraft:emerald":1,"supplementaries:ash":1,"luminousworld:grassflowers":1,"minecraft:skeleton_skull":1,"luminousworld:groundpebbles_1":1,"tombstone:grave_dust":3,"iceandfire:manuscript":10,"minecraft:bone":2},"minecraft:killed_by":{"iceandfire:gorgon":1,"alexsmobs:crocodile":1,"minecraft:skeleton":1,"iceandfire:ghost":4},"minecraft:killed":{"undead_revamp2:thehunter":1,"undead_revamp2:bomber":1,"born_in_chaos_v1:maggot":1,"minecraft:skeleton":2,"minecraft:zombie":2,"minecraft:chicken":1,"minecraft:drowned":1},"minecraft:picked_up":{"minecraft:charcoal":11,"born_in_chaos_v1:corpse_maggot":2,"luminousworld:groundpebbles_1":1,"minecraft:dark_oak_button":1,"minecraft:chicken":1,"ecologics:coconut_planks":5,"minecraft:black_bed":1,"minecraft:leather":1,"ecologics:seashell":2,"iceandfire:ectoplasm":1,"undead_revamp2:huntereye":1,"iceandfire:manuscript":10,"minecraft:dirt":1,"minecraft:bone":4,"minecraft:cyan_carpet":3,"minecraft:stone_bricks":1,"minecraft:rose_bush":3,"minecraft:glass_bottle":1,"minecraft:furnace":1,"minecraft:egg":2,"minecraft:torch":5,"tombstone:grave_dust":1,"minecraft:tnt":1,"luminousworld:grassflowers":1,"minecraft:rotten_flesh":4,"minecraft:bread":2,"supplementaries:ash":1,"minecraft:damaged_anvil":2,"minecraft:skeleton_skull":1,"minecraft:white_wool":3},"minecraft:custom":{"minecraft:interact_with_furnace":7,"minecraft:interact_with_anvil":2,"minecraft:mob_kills":10,"minecraft:interact_with_crafting_table":4,"minecraft:leave_game":1,"minecraft:time_since_death":10941,"minecraft:climb_one_cm":3034,"minecraft:sleep_in_bed":3,"minecraft:time_since_rest":1159,"minecraft:sprint_one_cm":197726,"minecraft:walk_one_cm":85444,"minecraft:damage_taken":2147483647,"minecraft:trigger_trapped_chest":1,"minecraft:drop":19,"minecraft:damage_dealt":1904,"minecraft:swim_one_cm":7164,"minecraft:fly_one_cm":186675,"minecraft:open_chest":9,"minecraft:crouch_one_cm":473,"minecraft:play_time":36869,"tombstone:undead_killed":7,"minecraft:deaths":11,"minecraft:sneak_time":392,"minecraft:walk_under_water_one_cm":8341,"minecraft:jump":767,"minecraft:walk_on_water_one_cm":16063,"minecraft:total_world_time":36869,"minecraft:fall_one_cm":16992},"minecraft:mined":{"luminousworld:white_petunias":1,"luminousworld:groundpebbles_1":1,"minecraft:white_bed":1,"minecraft:rose_bush":3,"luminousworld:grassvariant_2":2,"luminousworld:grassflowers":1,"minecraft:tall_grass":3,"minecraft:damaged_anvil":2,"minecraft:seagrass":1,"minecraft:furnace":1,"ecologics:seashell":2,"minecraft:tnt":1,"minecraft:black_bed":1,"minecraft:grass":6,"minecraft:dark_oak_button":1,"minecraft:cyan_carpet":3,"minecraft:dirt":1,"luminousworld:grassvariant_3":1,"minecraft:white_wool":1}},"DataVersion":3465}