{"stats":{"minecraft:used":{"minecraft:ladder":1,"born_in_chaos_v1:intoxicating_decoction":1,"minecraft:shield":21,"minecraft:iron_sword":362,"earthmobsmod:fancy_egg":7,"minecraft:iron_chestplate":5,"minecraft:obsidian":20,"minecraft:iron_helmet":2,"minecraft:dark_oak_slab":1,"born_in_chaos_v1:gnawed_bones":1,"ecologics:walnut_planks":3,"minecraft:stone_bricks":1,"minecraft:golden_sword":35,"minecraft:oak_sapling":1,"minecraft:skeleton_skull":1,"minecraft:egg":4,"minecraft:potato":1,"minecraft:damaged_anvil":1,"minecraft:oak_planks":59,"minecraft:white_wool":1,"minecraft:golden_apple":1,"minecraft:stone_brick_wall":3,"minecraft:black_bed":1,"earthmobsmod:duck_egg":1,"born_in_chaos_v1:monster_flesh":1,"minecraft:stone_button":3,"minecraft:bread":84,"tombstone:grave_key":28,"minecraft:gravel":12,"ecologics:coconut_slice":6,"minecraft:wooden_sword":1,"minecraft:waxed_cut_copper_stairs":1,"minecraft:oak_boat":1,"minecraft:bone_meal":1,"minecraft:golden_pickaxe":63,"minecraft:experience_bottle":5,"tombstone:scroll_of_lightning_resistance":6,"minecraft:oak_fence":1,"iceandfire:silver_sword":433,"minecraft:flint_and_steel":12,"undead_revamp2:blacpetalblock":1,"minecraft:spruce_planks":1,"minecraft:dirt":37,"tombstone:scroll_of_aquatic_life":1,"ecologics:seashell":2,"minecraft:golden_chestplate":3,"minecraft:iron_boots":2,"tombstone:gift":7,"ecologics:coconut_seedling":1,"minecraft:cooked_beef":3,"minecraft:golden_axe":34,"tombstone:scroll_of_knowledge":2,"minecraft:birch_planks":1,"minecraft:baked_potato":5,"minecraft:tnt":1,"minecraft:crafting_table":11,"minecraft:white_bed":7,"minecraft:apple":12,"minecraft:chicken":1,"minecraft:iron_pickaxe":93,"minecraft:suspicious_stew":1,"ecologics:walnut_boat":1,"minecraft:golden_leggings":1,"minecraft:stone_axe":27,"minecraft:cobblestone":25,"minecraft:potion":3,"minecraft:cooked_porkchop":2,"minecraft:pumpkin_pie":19,"minecraft:yellow_bed":1,"quark:oak_chest":1},"minecraft:broken":{"minecraft:golden_helmet":1,"minecraft:iron_chestplate":1,"iceandfire:silver_sword":1,"minecraft:golden_leggings":2,"minecraft:golden_sword":1,"minecraft:iron_sword":1,"minecraft:golden_chestplate":1,"aether:iron_gloves":1,"minecraft:golden_axe":1,"undead_revamp2:acidsack":1,"minecraft:golden_pickaxe":1},"minecraft:dropped":{"minecraft:birch_planks":3,"minecraft:porkchop":1,"luminousworld:yellowpetunias":3,"minecraft:oak_log":12,"minecraft:golden_pickaxe":1,"minecraft:glass_bottle":10,"minecraft:cookie":5,"born_in_chaos_v1:cultivated_pumpkin":3,"ecologics:walnut_sapling":1,"minecraft:lantern":7,"minecraft:leather":14,"iceandfire:ectoplasm":3,"minecraft:leather_helmet":3,"minecraft:emerald":1,"ecologics:walnut_planks":3,"minecraft:dirt":31,"minecraft:stone_button":11,"minecraft:mutton":14,"minecraft:wooden_sword":2,"minecraft:gold_nugget":8,"minecraft:bone_meal":1,"iceandfire:ash":15,"minecraft:sand":2,"minecraft:white_wool":2,"minecraft:armor_stand":7,"minecraft:bone":11,"undead_revamp2:huntereye":1,"minecraft:golden_chestplate":2,"aether:golden_gloves":2,"minecraft:wheat":1,"minecraft:rotten_flesh":32,"artifacts:villager_hat":1,"minecraft:oak_planks":1,"born_in_chaos_v1:dark_upgrade":1,"iceandfire:shiny_scales":10,"minecraft:leather_chestplate":5,"supplementaries:ash":11,"luminousworld:grassflowers":7,"born_in_chaos_v1:seedof_chaos":2,"minecraft:skeleton_skull":1,"minecraft:stone_brick_wall":1,"ecologics:coconut_husk":6,"iceandfire:pixie_dust":2,"iceandfire:bestiary":2,"minecraft:chainmail_boots":2,"minecraft:leather_leggings":5,"minecraft:arrow":7,"minecraft:beef":6,"born_in_chaos_v1:marigolds":1,"iceandfire:manuscript":10,"minecraft:egg":1,"minecraft:enchanted_book":1,"minecraft:bread":2,"born_in_chaos_v1:intoxicating_decoction":1,"luminousworld:sunset_petunias":1,"minecraft:wheat_seeds":18,"minecraft:prismarine_shard":1,"minecraft:iron_helmet":2,"minecraft:feather":7,"minecraft:cobblestone":4,"minecraft:prismarine_crystals":2,"minecraft:book":5,"minecraft:apple":3,"minecraft:copper_ingot":2,"minecraft:stick":25,"iceandfire:copper_nugget":28,"minecraft:torch":7,"tombstone:grave_key":1,"securitycraft:keycard_lv1":1,"minecraft:iron_door":1,"tombstone:grave_dust":5,"minecraft:oak_stairs":2,"minecraft:paper":1,"minecraft:string":3,"iceandfire:silver_nugget":2,"minecraft:kelp":4,"minecraft:oak_trapdoor":1,"minecraft:bowl":1,"minecraft:raw_iron":7,"minecraft:iron_boots":3,"luminousworld:yellow_grassflowers":2,"minecraft:filled_map":2,"minecraft:peony":15,"minecraft:spruce_planks":1,"minecraft:iron_chestplate":2,"luminousworld:groundpebbles_1":7,"quark:birch_chest":2,"minecraft:golden_leggings":3,"earthmobsmod:fancy_feather":2,"minecraft:oak_sapling":6,"minecraft:redstone_torch":2,"minecraft:stone_bricks":4,"minecraft:diamond_boots":1,"luminousworld:elephant_grass":1,"luminousworld:purple_petunias":1,"minecraft:black_wool":1},"minecraft:custom":{"minecraft:interact_with_crafting_table":37,"minecraft:open_barrel":38,"minecraft:eat_cake_slice":4,"minecraft:leave_game":10,"minecraft:time_since_death":3055,"minecraft:damage_resisted":119,"minecraft:sprint_one_cm":1502758,"minecraft:damage_blocked_by_shield":670,"minecraft:drop":217,"minecraft:talked_to_villager":6,"minecraft:play_time":347287,"minecraft:deaths":72,"minecraft:jump":7381,"minecraft:interact_with_brewingstand":3,"minecraft:walk_on_water_one_cm":190021,"minecraft:interact_with_furnace":15,"minecraft:traded_with_villager":1,"minecraft:sleep_in_bed":12,"minecraft:damage_dealt":36239,"minecraft:crouch_one_cm":1865,"tombstone:undead_killed":51,"minecraft:horse_one_cm":30721,"minecraft:interact_with_anvil":2,"minecraft:mob_kills":125,"minecraft:damage_dealt_resisted":69,"minecraft:climb_one_cm":10010,"minecraft:walk_one_cm":936163,"minecraft:damage_dealt_absorbed":80,"minecraft:sneak_time":2245,"minecraft:walk_under_water_one_cm":201430,"minecraft:boat_one_cm":150115,"minecraft:total_world_time":347287,"tombstone:raider_killed":17,"minecraft:tune_noteblock":1,"minecraft:time_since_rest":2738,"minecraft:damage_taken":2147483647,"minecraft:damage_absorbed":76,"minecraft:trigger_trapped_chest":1,"tombstone:cast_on_ally":0,"minecraft:swim_one_cm":484686,"minecraft:fly_one_cm":1608094,"minecraft:open_chest":82,"minecraft:fall_one_cm":183256},"minecraft:picked_up":{"minecraft:iron_chestplate":5,"minecraft:wheat":1,"illagerinvasion:platinum_chunk":5,"minecraft:chainmail_boots":2,"minecraft:prismarine_shard":1,"minecraft:lead":1,"minecraft:oak_stairs":1,"earthmobsmod:fancy_egg":7,"minecraft:potion":1,"iceandfire:manuscript":10,"minecraft:string":3,"mutantmonsters:mutant_skeleton_skull":1,"minecraft:iron_leggings":2,"minecraft:armor_stand":7,"minecraft:gold_nugget":1224,"earthmobsmod:duck_egg":1,"minecraft:spruce_planks":2,"minecraft:rose_bush":3,"minecraft:redstone_torch":4,"minecraft:calcite":1,"minecraft:coal_block":16,"minecraft:iron_boots":3,"minecraft:furnace":3,"minecraft:stick":4,"ecologics:walnut_log":4,"minecraft:oak_fence":1,"minecraft:torch":12,"ecologics:coconut_seedling":1,"minecraft:porkchop":1,"tombstone:grave_dust":5,"aether:golden_gloves":2,"mutantmonsters:mutant_skeleton_pelvis":1,"minecraft:waxed_cut_copper_stairs":1,"luminousworld:grassflowers":8,"minecraft:rotten_flesh":40,"luminousworld:yellow_grassflowers":2,"artifacts:villager_hat":1,"supplementaries:ash":3,"mutantmonsters:mutant_skeleton_shoulder_pad":2,"minecraft:cod":10,"undead_revamp2:arapholia":1,"alexsmobs:flying_fish":3,"minecraft:cobblestone":24,"minecraft:birch_log":5,"ecologics:walnut_planks":3,"ecologics:walnut":1,"minecraft:leather_chestplate":5,"minecraft:feather":5,"minecraft:iron_door":1,"ecologics:coconut_planks":5,"minecraft:black_bed":1,"minecraft:golden_leggings":2,"minecraft:jungle_wood":2,"minecraft:potato":5,"minecraft:flint":1,"supplementaries:flax_seeds":1,"luminousworld:purple_petunias":1,"undead_revamp2:huntereye":1,"minecraft:dirt":76,"minecraft:lantern":7,"born_in_chaos_v1:monster_skin":1,"born_in_chaos_v1:marigolds":1,"minecraft:bone":21,"undead_revamp2:blacpetalblock":1,"minecraft:bow":1,"minecraft:wheat_seeds":21,"luminousworld:elephant_grass":1,"minecraft:diamond_helmet":1,"minecraft:oak_planks":15,"minecraft:honeycomb":1,"minecraft:cooked_porkchop":2,"iceandfire:shiny_scales":10,"minecraft:sand":3,"ecologics:coconut_husk":2,"undead_revamp2:acidsack":1,"minecraft:bundle":2,"cataclysm:lionfish":1,"luminousworld:yellowpetunias":3,"minecraft:bone_meal":2,"minecraft:golden_apple":1,"minecraft:emerald":7,"minecraft:bread":2,"minecraft:cocoa_beans":3,"minecraft:oak_sapling":6,"minecraft:light_gray_carpet":1,"iceandfire:silver_nugget":22,"iceandfire:raw_silver":20,"minecraft:charcoal":11,"luminousworld:groundpebbles_1":9,"minecraft:crafting_table":1,"minecraft:chicken":3,"minecraft:ladder":1,"born_in_chaos_v1:seedof_chaos":2,"minecraft:leather_leggings":7,"ecologics:seashell":2,"minecraft:stone_brick_wall":5,"minecraft:oak_trapdoor":1,"born_in_chaos_v1:intoxicating_decoction":2,"minecraft:cyan_carpet":3,"ecologics:walnut_sapling":2,"minecraft:beef":19,"born_in_chaos_v1:gnawed_bones":1,"minecraft:egg":5,"minecraft:raw_iron":7,"minecraft:oak_door":1,"ecologics:coconut_slice":6,"minecraft:copper_ingot":1,"minecraft:stone_button":11,"minecraft:cookie":5,"minecraft:prismarine_crystals":2,"minecraft:tnt":1,"minecraft:arrow":5,"minecraft:peony":15,"minecraft:diamond_boots":3,"minecraft:hay_block":12,"mutantmonsters:mutant_skeleton_rib":6,"minecraft:mutton":14,"minecraft:bone_block":2,"minecraft:skeleton_skull":1,"minecraft:white_wool":5,"born_in_chaos_v1:corpse_maggot":2,"minecraft:dark_oak_button":1,"born_in_chaos_v1:monster_flesh":1,"minecraft:leather":15,"minecraft:oak_log":63,"iceandfire:ectoplasm":1,"minecraft:yellow_bed":1,"mutantmonsters:mutant_skeleton_limb":8,"minecraft:stone_bricks":9,"minecraft:apple":1,"minecraft:gray_carpet":1,"minecraft:kelp":6,"earthmobsmod:fancy_feather":2,"minecraft:glass_bottle":7,"mowziesmobs:umvuthana_mask_misery":1,"minecraft:book":6,"iceandfire:copper_nugget":28,"minecraft:dark_oak_slab":1,"iceandfire:ash":16,"luminousworld:sunset_petunias":2,"minecraft:gravel":12,"minecraft:white_bed":7,"minecraft:spruce_log":2,"minecraft:leather_helmet":3,"minecraft:slime_ball":1,"minecraft:stone_axe":1,"minecraft:iron_helmet":3,"tombstone:magic_scroll":1,"minecraft:damaged_anvil":2,"minecraft:coal":18},"minecraft:mined":{"luminousworld:white_petunias":1,"minecraft:spruce_planks":1,"minecraft:white_bed":5,"iceandfire:copper_pile":4,"minecraft:stone_brick_wall":3,"minecraft:grass_block":31,"minecraft:coal_block":16,"luminousworld:savanna_grass_2":3,"minecraft:spawner":10,"minecraft:tall_seagrass":2,"minecraft:iron_ore":3,"minecraft:fire":1,"minecraft:dirt_path":4,"iceandfire:gold_pile":143,"ecologics:walnut_log":5,"minecraft:waxed_cut_copper_stairs":1,"minecraft:kelp_plant":2,"minecraft:calcite":1,"minecraft:nether_quartz_ore":2,"minecraft:cobblestone":3,"minecraft:oak_planks":15,"minecraft:damaged_anvil":2,"minecraft:iron_door":1,"minecraft:seagrass":2,"minecraft:dark_oak_slab":1,"ecologics:seashell":2,"minecraft:birch_log":5,"minecraft:wheat":3,"born_in_chaos_v1:river_mint":1,"minecraft:tnt":1,"minecraft:black_bed":1,"minecraft:grass":36,"minecraft:oak_log":43,"minecraft:sand":4,"minecraft:dirt":29,"luminousworld:grassvariant_3":6,"born_in_chaos_v1:infernal_evil_pumpkin_s":1,"luminousworld:savannah_grass_4":1,"minecraft:oak_leaves":2,"luminousworld:groundpebbles_1":1,"iceandfire:silver_ore":21,"luminousworld:grassvariant_4":2,"minecraft:oak_door":1,"minecraft:ladder":1,"minecraft:stone_button":1,"luminousworld:grassvariant_2":6,"minecraft:kelp":1,"born_in_chaos_v1:gnawed_bones":1,"minecraft:hay_block":12,"minecraft:furnace":3,"minecraft:stone":15,"minecraft:white_wool":1,"minecraft:redstone_wall_torch":1,"born_in_chaos_v1:marigolds":1,"minecraft:oak_fence":1,"minecraft:crafting_table":1,"luminousworld:savannah_grass_1":3,"minecraft:rose_bush":3,"luminousworld:grassflowers":3,"minecraft:tall_grass":11,"minecraft:sculk":1,"minecraft:ice":8,"iceandfire:ash":4,"minecraft:yellow_bed":1,"minecraft:coal_ore":14,"iceandfire:silver_pile":6,"minecraft:dark_oak_button":1,"minecraft:gravel":13,"minecraft:cyan_carpet":3,"minecraft:gray_carpet":1,"minecraft:stone_bricks":4,"luminousworld:elephant_grass":1,"minecraft:fern":3},"minecraft:killed":{"undead_revamp2:thewolf":1,"enemyexpansion:equestrian":1,"minecraft:spider":2,"born_in_chaos_v1:baby_skeleton_minion":1,"minecraft:skeleton":11,"minecraft:chicken":3,"ecologics:coconut_crab":1,"undead_revamp2:therod":1,"undead_revamp2:thespitter":1,"born_in_chaos_v1:bonescaller":1,"naturalist:snake":1,"alexsmobs:seal":2,"mutantmonsters:mutant_skeleton":1,"minecraft:sheep":3,"minecraft:pillager":8,"luminousworld:savannah_skeleton":1,"born_in_chaos_v1:dread_hound":1,"minecraft:zombie":10,"minecraft:cow":5,"undead_revamp2:thehunter":1,"born_in_chaos_v1:zombie_clown_not_despawn":1,"alexsmobs:raccoon":3,"minecraft:vindicator":9,"luminousworld:sunken_skeleton":1,"undead_revamp2:bomber":1,"enemyexpansion:direwolf":2,"born_in_chaos_v1:maggot":1,"iceandfire:siren":1,"earthmobsmod:teacup_pig":1,"earthmobsmod:fancy_chicken":1,"minecraft:drowned":6,"cataclysm:lionfish":1,"undead_revamp2:sucker":1,"luminousworld:savannah_zombie":1,"mowziesmobs:umvuthana":4,"earthmobsmod:albino_cow":4,"iceandfire:hippocampus":1,"born_in_chaos_v1:barrel_zombie":1,"cataclysm:deepling_angler":1,"minecraft:husk":4,"enemyexpansion:sprinter":5,"minecraft:frog":1,"born_in_chaos_v1:bloody_gadfly":1,"enemyexpansion:huntsman":1},"minecraft:killed_by":{"mutantmonsters:mutant_zombie":2,"iceandfire:cyclops":1,"iceandfire:siren":2,"enemyexpansion:huntsman":1,"iceandfire:sea_serpent":3,"undead_revamp2:clogger":1,"mowziesmobs:umvuthi":1,"minecraft:vindicator":2,"alexsmobs:crocodile":1,"iceandfire:ice_dragon":23,"iceandfire:fire_dragon":4,"minecraft:husk":4,"born_in_chaos_v1:bonescaller":1,"iceandfire:gorgon":1,"mutantmonsters:mutant_skeleton":2,"minecraft:skeleton":2,"iceandfire:lightning_dragon":6,"iceandfire:ghost":4},"minecraft:crafted":{"mutantmonsters:mutant_skeleton_leggings":1,"minecraft:oak_planks":112,"quark:birch_chest":2,"ecologics:walnut_planks":16,"mutantmonsters:mutant_skeleton_arms":1,"securitycraft:keycard_lv1":1,"minecraft:iron_boots":1,"mutantmonsters:mutant_skeleton_boots":1,"mutantmonsters:mutant_skeleton_rib_cage":1,"iceandfire:manuscript":4,"minecraft:golden_boots":1,"minecraft:crafting_table":10,"minecraft:iron_helmet":1,"minecraft:golden_pickaxe":1,"minecraft:gold_block":9,"minecraft:birch_planks":24,"minecraft:charcoal":15,"minecraft:iron_chestplate":1,"minecraft:golden_leggings":2,"minecraft:shield":1,"quark:oak_chest":1,"minecraft:stick":32,"minecraft:iron_pickaxe":1,"minecraft:gold_ingot":217,"iceandfire:silver_sword":1,"minecraft:wooden_sword":2,"minecraft:golden_chestplate":3,"minecraft:flint_and_steel":1,"mutantmonsters:mutant_skeleton_chestplate":1,"minecraft:golden_helmet":1,"minecraft:wheat":108,"minecraft:cooked_beef":14,"iceandfire:silver_ingot":2,"minecraft:iron_sword":2,"minecraft:bread":36,"minecraft:air":0,"minecraft:oak_boat":1,"minecraft:iron_leggings":1,"minecraft:white_bed":1,"ecologics:walnut_boat":1,"minecraft:torch":4}},"DataVersion":3465}