{"stats":{"minecraft:crafted":{"minecraft:cooked_beef":3,"minecraft:iron_helmet":1,"minecraft:iron_sword":1,"minecraft:air":0,"minecraft:iron_boots":1,"minecraft:iron_chestplate":1,"minecraft:iron_leggings":1,"minecraft:white_bed":1,"iceandfire:manuscript":4},"minecraft:used":{"tombstone:scroll_of_knowledge":1,"minecraft:damaged_anvil":1,"minecraft:iron_sword":26,"minecraft:white_wool":1,"minecraft:tnt":1,"ecologics:seashell":2,"minecraft:white_bed":1,"minecraft:black_bed":1,"minecraft:apple":4,"minecraft:chicken":1,"minecraft:bread":4,"minecraft:iron_pickaxe":29,"minecraft:stone_bricks":1,"tombstone:gift":3,"minecraft:skeleton_skull":1,"minecraft:egg":3,"minecraft:cooked_beef":3,"minecraft:bone_meal":1,"minecraft:experience_bottle":5},"minecraft:dropped":{"minecraft:bread":2,"undead_revamp2:huntereye":1,"aether:golden_gloves":2,"minecraft:rotten_flesh":2,"iceandfire:ectoplasm":3,"minecraft:emerald":1,"supplementaries:ash":1,"luminousworld:grassflowers":1,"minecraft:skeleton_skull":1,"tombstone:grave_key":1,"luminousworld:groundpebbles_1":1,"iceandfire:bestiary":1,"minecraft:bone_meal":1,"tombstone:grave_dust":3,"iceandfire:manuscript":10,"minecraft:bone":2},"minecraft:killed_by":{"minecraft:husk":1,"iceandfire:gorgon":1,"alexsmobs:crocodile":1,"minecraft:skeleton":1,"iceandfire:ghost":4},"minecraft:killed":{"minecraft:husk":1,"undead_revamp2:thehunter":1,"undead_revamp2:bomber":1,"born_in_chaos_v1:maggot":1,"minecraft:skeleton":2,"minecraft:zombie":2,"minecraft:chicken":1,"minecraft:drowned":1},"minecraft:picked_up":{"born_in_chaos_v1:corpse_maggot":2,"luminousworld:groundpebbles_1":1,"minecraft:charcoal":11,"minecraft:dark_oak_button":1,"minecraft:chicken":1,"minecraft:leather_leggings":1,"ecologics:coconut_planks":5,"minecraft:black_bed":1,"minecraft:leather":1,"ecologics:seashell":2,"minecraft:potato":4,"undead_revamp2:huntereye":1,"iceandfire:ectoplasm":1,"iceandfire:manuscript":10,"minecraft:dirt":1,"minecraft:bone":4,"minecraft:cyan_carpet":3,"minecraft:gray_carpet":1,"minecraft:stone_bricks":1,"minecraft:wheat_seeds":1,"minecraft:gold_nugget":36,"minecraft:rose_bush":3,"minecraft:calcite":1,"minecraft:glass_bottle":1,"minecraft:honeycomb":1,"minecraft:egg":3,"minecraft:furnace":1,"iceandfire:copper_nugget":28,"minecraft:torch":5,"luminousworld:sunset_petunias":1,"tombstone:grave_dust":1,"aether:golden_gloves":2,"minecraft:tnt":1,"luminousworld:grassflowers":1,"minecraft:rotten_flesh":4,"minecraft:stone_axe":1,"minecraft:bone_meal":2,"minecraft:bread":2,"supplementaries:ash":1,"minecraft:damaged_anvil":2,"iceandfire:silver_nugget":20,"minecraft:skeleton_skull":1,"minecraft:white_wool":3},"minecraft:custom":{"minecraft:interact_with_furnace":7,"minecraft:interact_with_anvil":2,"minecraft:mob_kills":11,"minecraft:traded_with_villager":1,"minecraft:interact_with_crafting_table":5,"minecraft:open_barrel":4,"minecraft:eat_cake_slice":4,"minecraft:leave_game":2,"minecraft:time_since_death":16131,"minecraft:sleep_in_bed":4,"minecraft:climb_one_cm":3034,"minecraft:time_since_rest":9418,"minecraft:damage_taken":2147483647,"minecraft:sprint_one_cm":319511,"minecraft:walk_one_cm":145842,"minecraft:trigger_trapped_chest":1,"minecraft:drop":24,"minecraft:damage_dealt":2554,"minecraft:swim_one_cm":11662,"minecraft:talked_to_villager":5,"minecraft:fly_one_cm":327577,"minecraft:open_chest":16,"minecraft:crouch_one_cm":937,"minecraft:play_time":61779,"minecraft:sneak_time":730,"tombstone:undead_killed":8,"minecraft:deaths":13,"minecraft:walk_under_water_one_cm":9557,"minecraft:jump":1294,"minecraft:walk_on_water_one_cm":20951,"minecraft:total_world_time":61779,"minecraft:fall_one_cm":23266,"minecraft:horse_one_cm":30721},"minecraft:mined":{"luminousworld:white_petunias":1,"luminousworld:groundpebbles_1":1,"minecraft:white_bed":1,"iceandfire:copper_pile":4,"minecraft:calcite":1,"minecraft:rose_bush":3,"luminousworld:grassvariant_2":2,"luminousworld:grassflowers":1,"minecraft:tall_grass":3,"minecraft:damaged_anvil":2,"minecraft:spawner":1,"minecraft:seagrass":1,"minecraft:furnace":1,"ecologics:seashell":2,"minecraft:tnt":1,"minecraft:black_bed":1,"iceandfire:silver_pile":6,"minecraft:grass":6,"iceandfire:gold_pile":6,"minecraft:dark_oak_button":1,"minecraft:cyan_carpet":3,"minecraft:dirt":1,"minecraft:gray_carpet":1,"luminousworld:grassvariant_3":1,"minecraft:white_wool":1}},"DataVersion":3465}