{"stats":{"minecraft:crafted":{"minecraft:wooden_sword":2,"minecraft:oak_planks":40,"quark:birch_chest":2,"minecraft:iron_boots":1,"iceandfire:manuscript":4,"minecraft:wheat":54,"minecraft:cooked_beef":3,"iceandfire:silver_ingot":2,"minecraft:crafting_table":2,"minecraft:iron_helmet":1,"minecraft:iron_sword":1,"minecraft:birch_planks":20,"minecraft:bread":18,"minecraft:air":0,"minecraft:iron_chestplate":1,"minecraft:stick":8,"minecraft:iron_leggings":1,"minecraft:white_bed":1,"iceandfire:silver_sword":1},"minecraft:dropped":{"minecraft:bread":2,"minecraft:birch_planks":3,"luminousworld:sunset_petunias":1,"minecraft:lantern":6,"iceandfire:ectoplasm":3,"minecraft:emerald":1,"minecraft:stone_button":11,"minecraft:torch":2,"tombstone:grave_key":1,"tombstone:grave_dust":3,"minecraft:oak_stairs":2,"minecraft:bone_meal":1,"minecraft:paper":1,"minecraft:bone":3,"iceandfire:silver_nugget":2,"undead_revamp2:huntereye":1,"aether:golden_gloves":2,"minecraft:rotten_flesh":2,"supplementaries:ash":8,"luminousworld:grassflowers":1,"minecraft:skeleton_skull":1,"luminousworld:groundpebbles_1":1,"minecraft:stone_brick_wall":1,"ecologics:coconut_husk":4,"iceandfire:bestiary":2,"born_in_chaos_v1:marigolds":1,"iceandfire:manuscript":10},"minecraft:used":{"minecraft:oak_fence":1,"iceandfire:silver_sword":2,"minecraft:ladder":1,"minecraft:iron_sword":26,"minecraft:dirt":1,"ecologics:seashell":2,"born_in_chaos_v1:gnawed_bones":1,"minecraft:stone_bricks":1,"minecraft:golden_sword":35,"minecraft:oak_sapling":1,"tombstone:gift":5,"minecraft:skeleton_skull":1,"minecraft:egg":4,"ecologics:coconut_seedling":1,"minecraft:cooked_beef":3,"minecraft:golden_axe":34,"tombstone:scroll_of_knowledge":2,"minecraft:damaged_anvil":1,"minecraft:birch_planks":1,"minecraft:oak_planks":22,"minecraft:white_wool":1,"minecraft:tnt":1,"minecraft:crafting_table":2,"minecraft:white_bed":6,"minecraft:black_bed":1,"minecraft:apple":12,"minecraft:bread":14,"minecraft:chicken":1,"minecraft:iron_pickaxe":29,"ecologics:coconut_slice":4,"minecraft:stone_axe":13,"minecraft:wooden_sword":1,"minecraft:cooked_porkchop":1,"minecraft:bone_meal":1,"minecraft:experience_bottle":5},"minecraft:killed_by":{"minecraft:husk":1,"iceandfire:cyclops":1,"undead_revamp2:clogger":1,"iceandfire:gorgon":1,"alexsmobs:crocodile":1,"mutantmonsters:mutant_skeleton":1,"minecraft:skeleton":1,"iceandfire:ghost":4,"iceandfire:fire_dragon":1},"minecraft:killed":{"undead_revamp2:thehunter":1,"born_in_chaos_v1:zombie_clown_not_despawn":1,"alexsmobs:raccoon":2,"undead_revamp2:bomber":1,"born_in_chaos_v1:maggot":1,"minecraft:skeleton":2,"minecraft:chicken":3,"minecraft:drowned":1,"minecraft:husk":1,"minecraft:sheep":3,"minecraft:zombie":2,"enemyexpansion:huntsman":1},"minecraft:picked_up":{"minecraft:charcoal":11,"luminousworld:groundpebbles_1":1,"minecraft:wheat":1,"minecraft:chicken":3,"minecraft:ladder":1,"minecraft:leather_leggings":1,"ecologics:seashell":2,"minecraft:oak_stairs":1,"minecraft:stone_brick_wall":2,"iceandfire:manuscript":10,"born_in_chaos_v1:intoxicating_decoction":2,"minecraft:cyan_carpet":3,"minecraft:gold_nugget":72,"born_in_chaos_v1:gnawed_bones":1,"minecraft:rose_bush":3,"minecraft:redstone_torch":2,"minecraft:calcite":1,"minecraft:furnace":1,"minecraft:egg":5,"ecologics:coconut_slice":4,"minecraft:oak_fence":1,"minecraft:torch":9,"ecologics:coconut_seedling":1,"minecraft:stone_button":8,"tombstone:grave_dust":1,"aether:golden_gloves":2,"minecraft:tnt":1,"luminousworld:grassflowers":2,"minecraft:rotten_flesh":7,"minecraft:hay_block":12,"supplementaries:ash":2,"minecraft:mutton":4,"minecraft:skeleton_skull":1,"minecraft:white_wool":5,"minecraft:birch_log":5,"born_in_chaos_v1:corpse_maggot":2,"minecraft:dark_oak_button":1,"minecraft:feather":5,"ecologics:coconut_planks":5,"minecraft:black_bed":1,"minecraft:leather":1,"minecraft:potato":4,"minecraft:oak_log":42,"iceandfire:ectoplasm":1,"undead_revamp2:huntereye":1,"minecraft:dirt":5,"minecraft:lantern":6,"born_in_chaos_v1:marigolds":1,"minecraft:bone":5,"minecraft:stone_bricks":4,"minecraft:gray_carpet":1,"minecraft:wheat_seeds":3,"minecraft:glass_bottle":1,"minecraft:oak_planks":1,"minecraft:honeycomb":1,"minecraft:book":3,"iceandfire:copper_nugget":28,"minecraft:cooked_porkchop":2,"iceandfire:ash":1,"luminousworld:sunset_petunias":2,"ecologics:coconut_husk":2,"minecraft:white_bed":6,"minecraft:stone_axe":1,"luminousworld:yellowpetunias":1,"minecraft:bone_meal":2,"minecraft:bread":2,"minecraft:light_gray_carpet":1,"minecraft:damaged_anvil":2,"iceandfire:silver_nugget":22},"minecraft:broken":{"minecraft:golden_sword":1,"minecraft:golden_axe":1},"minecraft:custom":{"minecraft:mob_kills":20,"minecraft:interact_with_anvil":2,"minecraft:interact_with_crafting_table":11,"minecraft:open_barrel":5,"minecraft:damage_dealt_resisted":3,"minecraft:eat_cake_slice":4,"minecraft:leave_game":2,"minecraft:time_since_death":7705,"minecraft:climb_one_cm":5398,"minecraft:sprint_one_cm":722447,"minecraft:walk_one_cm":323246,"minecraft:drop":40,"minecraft:talked_to_villager":6,"minecraft:play_time":121779,"minecraft:deaths":17,"minecraft:sneak_time":953,"minecraft:walk_under_water_one_cm":21737,"minecraft:jump":2686,"minecraft:interact_with_brewingstand":2,"minecraft:walk_on_water_one_cm":57669,"minecraft:total_world_time":121779,"minecraft:interact_with_furnace":8,"minecraft:traded_with_villager":1,"minecraft:sleep_in_bed":7,"minecraft:time_since_rest":6039,"minecraft:damage_taken":2147483647,"minecraft:trigger_trapped_chest":1,"minecraft:damage_dealt":4059,"minecraft:swim_one_cm":43032,"minecraft:fly_one_cm":648781,"minecraft:open_chest":24,"minecraft:crouch_one_cm":986,"tombstone:undead_killed":10,"minecraft:fall_one_cm":50574,"minecraft:horse_one_cm":30721},"minecraft:mined":{"luminousworld:white_petunias":1,"luminousworld:groundpebbles_1":1,"minecraft:white_bed":4,"luminousworld:grassvariant_4":1,"iceandfire:copper_pile":4,"minecraft:ladder":1,"minecraft:grass_block":2,"luminousworld:grassvariant_2":2,"born_in_chaos_v1:gnawed_bones":1,"minecraft:spawner":1,"minecraft:hay_block":12,"minecraft:furnace":1,"iceandfire:gold_pile":12,"minecraft:white_wool":1,"minecraft:redstone_wall_torch":1,"born_in_chaos_v1:marigolds":1,"minecraft:oak_fence":1,"minecraft:calcite":1,"minecraft:rose_bush":3,"luminousworld:grassflowers":1,"minecraft:tall_grass":3,"minecraft:damaged_anvil":2,"minecraft:sculk":1,"minecraft:seagrass":1,"ecologics:seashell":2,"minecraft:birch_log":5,"minecraft:wheat":3,"minecraft:black_bed":1,"minecraft:tnt":1,"minecraft:grass":13,"minecraft:oak_log":43,"iceandfire:silver_pile":6,"minecraft:dark_oak_button":1,"minecraft:cyan_carpet":3,"minecraft:dirt":4,"minecraft:gray_carpet":1,"luminousworld:grassvariant_3":1,"born_in_chaos_v1:infernal_evil_pumpkin_s":1}},"DataVersion":3465}