{"stats":{"minecraft:used":{"minecraft:damaged_anvil":1,"minecraft:bread":2,"minecraft:iron_pickaxe":26,"minecraft:stone_bricks":1,"minecraft:tnt":1,"tombstone:gift":3,"minecraft:black_bed":1,"minecraft:experience_bottle":5},"minecraft:dropped":{"undead_revamp2:huntereye":1,"minecraft:bread":2,"luminousworld:grassflowers":1,"minecraft:skeleton_skull":1,"luminousworld:groundpebbles_1":1,"minecraft:rotten_flesh":2,"iceandfire:ectoplasm":3,"iceandfire:manuscript":10,"minecraft:bone":2,"supplementaries:ash":1,"minecraft:emerald":1},"minecraft:killed_by":{"iceandfire:ghost":4,"alexsmobs:crocodile":1,"minecraft:skeleton":1},"minecraft:killed":{"minecraft:skeleton":1,"minecraft:zombie":1,"undead_revamp2:thehunter":1,"minecraft:chicken":1,"undead_revamp2:bomber":1},"minecraft:picked_up":{"luminousworld:groundpebbles_1":1,"minecraft:dark_oak_button":1,"minecraft:chicken":1,"minecraft:black_bed":1,"undead_revamp2:huntereye":1,"iceandfire:ectoplasm":1,"tombstone:grave_dust":1,"iceandfire:manuscript":10,"minecraft:tnt":1,"minecraft:bone":2,"luminousworld:grassflowers":1,"minecraft:cyan_carpet":3,"minecraft:rotten_flesh":4,"minecraft:stone_bricks":1,"supplementaries:ash":1,"minecraft:rose_bush":3,"minecraft:glass_bottle":1,"minecraft:bread":2,"minecraft:damaged_anvil":2,"minecraft:skeleton_skull":1},"minecraft:custom":{"minecraft:time_since_rest":3216,"minecraft:interact_with_furnace":2,"minecraft:sprint_one_cm":157759,"minecraft:damage_taken":2657,"minecraft:walk_one_cm":59196,"minecraft:trigger_trapped_chest":1,"minecraft:mob_kills":6,"minecraft:interact_with_anvil":2,"minecraft:drop":16,"minecraft:damage_dealt":1458,"minecraft:swim_one_cm":7164,"minecraft:fly_one_cm":135670,"minecraft:open_chest":9,"minecraft:crouch_one_cm":366,"minecraft:play_time":24869,"tombstone:undead_killed":4,"minecraft:deaths":10,"minecraft:sneak_time":356,"minecraft:walk_under_water_one_cm":8341,"minecraft:jump":526,"minecraft:leave_game":1,"minecraft:walk_on_water_one_cm":16063,"minecraft:time_since_death":4584,"minecraft:climb_one_cm":3034,"minecraft:total_world_time":24869,"minecraft:fall_one_cm":11517},"minecraft:mined":{"luminousworld:white_petunias":1,"luminousworld:groundpebbles_1":1,"minecraft:seagrass":1,"minecraft:black_bed":1,"minecraft:tnt":1,"minecraft:grass":6,"minecraft:dark_oak_button":1,"minecraft:rose_bush":3,"minecraft:cyan_carpet":3,"luminousworld:grassvariant_3":1,"luminousworld:grassvariant_2":2,"luminousworld:grassflowers":1,"minecraft:tall_grass":3,"minecraft:damaged_anvil":2}},"DataVersion":3465}