{"stats":{"minecraft:crafted":{"minecraft:cooked_beef":3,"minecraft:oak_planks":28,"minecraft:iron_helmet":1,"minecraft:iron_sword":1,"minecraft:air":0,"minecraft:iron_boots":1,"minecraft:iron_chestplate":1,"minecraft:iron_leggings":1,"minecraft:white_bed":1,"iceandfire:manuscript":4},"minecraft:used":{"tombstone:scroll_of_knowledge":2,"minecraft:damaged_anvil":1,"minecraft:oak_planks":16,"minecraft:iron_sword":26,"minecraft:white_wool":1,"minecraft:tnt":1,"ecologics:seashell":2,"minecraft:white_bed":1,"minecraft:black_bed":1,"minecraft:apple":4,"minecraft:chicken":1,"minecraft:bread":8,"minecraft:iron_pickaxe":29,"minecraft:golden_sword":33,"minecraft:stone_bricks":1,"minecraft:oak_sapling":1,"tombstone:gift":3,"minecraft:golden_axe":8,"minecraft:skeleton_skull":1,"minecraft:egg":3,"minecraft:cooked_beef":3,"minecraft:bone_meal":1,"minecraft:experience_bottle":5},"minecraft:dropped":{"minecraft:bread":2,"undead_revamp2:huntereye":1,"aether:golden_gloves":2,"minecraft:rotten_flesh":2,"iceandfire:ectoplasm":3,"minecraft:emerald":1,"supplementaries:ash":1,"luminousworld:grassflowers":1,"minecraft:skeleton_skull":1,"tombstone:grave_key":1,"luminousworld:groundpebbles_1":1,"iceandfire:bestiary":2,"minecraft:bone_meal":1,"tombstone:grave_dust":3,"iceandfire:manuscript":10,"minecraft:bone":2},"minecraft:killed_by":{"minecraft:husk":1,"iceandfire:gorgon":1,"alexsmobs:crocodile":1,"minecraft:skeleton":1,"iceandfire:ghost":4,"undead_revamp2:clogger":1},"minecraft:killed":{"minecraft:husk":1,"undead_revamp2:thehunter":1,"alexsmobs:raccoon":2,"undead_revamp2:bomber":1,"born_in_chaos_v1:maggot":1,"minecraft:sheep":3,"minecraft:skeleton":2,"minecraft:zombie":2,"minecraft:chicken":3,"enemyexpansion:huntsman":1,"minecraft:drowned":1},"minecraft:picked_up":{"born_in_chaos_v1:corpse_maggot":2,"luminousworld:groundpebbles_1":1,"minecraft:charcoal":11,"minecraft:feather":5,"minecraft:dark_oak_button":1,"minecraft:chicken":3,"minecraft:leather_leggings":1,"ecologics:coconut_planks":5,"minecraft:black_bed":1,"minecraft:leather":1,"ecologics:seashell":2,"minecraft:potato":4,"minecraft:oak_log":7,"undead_revamp2:huntereye":1,"iceandfire:ectoplasm":1,"iceandfire:manuscript":10,"minecraft:dirt":1,"minecraft:lantern":2,"minecraft:bone":4,"minecraft:cyan_carpet":3,"minecraft:gray_carpet":1,"minecraft:stone_bricks":1,"minecraft:wheat_seeds":2,"minecraft:gold_nugget":36,"minecraft:rose_bush":3,"minecraft:calcite":1,"minecraft:glass_bottle":1,"minecraft:honeycomb":1,"minecraft:egg":4,"minecraft:furnace":1,"iceandfire:copper_nugget":28,"minecraft:torch":5,"luminousworld:sunset_petunias":1,"tombstone:grave_dust":1,"aether:golden_gloves":2,"minecraft:tnt":1,"luminousworld:grassflowers":1,"minecraft:rotten_flesh":4,"minecraft:stone_axe":1,"luminousworld:yellowpetunias":1,"minecraft:bone_meal":2,"minecraft:bread":2,"minecraft:mutton":4,"supplementaries:ash":1,"minecraft:damaged_anvil":2,"iceandfire:silver_nugget":20,"minecraft:skeleton_skull":1,"minecraft:white_wool":5,"minecraft:wheat":1},"minecraft:custom":{"minecraft:interact_with_furnace":7,"minecraft:interact_with_anvil":2,"minecraft:mob_kills":19,"minecraft:traded_with_villager":1,"minecraft:interact_with_crafting_table":5,"minecraft:open_barrel":5,"minecraft:eat_cake_slice":4,"minecraft:leave_game":2,"minecraft:time_since_death":512,"minecraft:sleep_in_bed":5,"minecraft:climb_one_cm":3797,"minecraft:time_since_rest":79,"minecraft:damage_taken":2147483647,"minecraft:sprint_one_cm":391006,"minecraft:walk_one_cm":178276,"minecraft:trigger_trapped_chest":1,"minecraft:drop":25,"minecraft:damage_dealt":3570,"minecraft:swim_one_cm":11662,"minecraft:talked_to_villager":6,"minecraft:fly_one_cm":374092,"minecraft:open_chest":17,"minecraft:crouch_one_cm":986,"minecraft:play_time":73779,"minecraft:sneak_time":840,"tombstone:undead_killed":9,"minecraft:deaths":14,"minecraft:walk_under_water_one_cm":9815,"minecraft:jump":1504,"minecraft:interact_with_brewingstand":1,"minecraft:walk_on_water_one_cm":26661,"minecraft:total_world_time":73779,"minecraft:fall_one_cm":27124,"minecraft:horse_one_cm":30721},"minecraft:mined":{"luminousworld:white_petunias":1,"luminousworld:groundpebbles_1":1,"minecraft:white_bed":1,"iceandfire:copper_pile":4,"minecraft:calcite":1,"minecraft:rose_bush":3,"luminousworld:grassvariant_2":2,"luminousworld:grassflowers":1,"minecraft:tall_grass":3,"minecraft:damaged_anvil":2,"minecraft:sculk":1,"minecraft:spawner":1,"minecraft:seagrass":1,"minecraft:furnace":1,"ecologics:seashell":2,"minecraft:wheat":3,"minecraft:tnt":1,"minecraft:black_bed":1,"minecraft:oak_log":8,"iceandfire:silver_pile":6,"minecraft:grass":7,"iceandfire:gold_pile":6,"minecraft:dark_oak_button":1,"minecraft:cyan_carpet":3,"minecraft:dirt":1,"minecraft:gray_carpet":1,"luminousworld:grassvariant_3":1,"minecraft:white_wool":1}},"DataVersion":3465}