{"stats":{"minecraft:crafted":{"minecraft:wooden_sword":2,"minecraft:oak_planks":68,"quark:birch_chest":2,"minecraft:golden_chestplate":1,"minecraft:iron_boots":1,"iceandfire:manuscript":4,"minecraft:wheat":108,"minecraft:cooked_beef":3,"iceandfire:silver_ingot":2,"minecraft:crafting_table":4,"minecraft:iron_helmet":1,"minecraft:iron_sword":1,"minecraft:gold_block":9,"minecraft:birch_planks":20,"minecraft:bread":36,"minecraft:air":0,"minecraft:charcoal":15,"minecraft:iron_chestplate":1,"minecraft:stick":8,"minecraft:gold_ingot":86,"minecraft:iron_leggings":1,"minecraft:white_bed":1,"iceandfire:silver_sword":1},"minecraft:dropped":{"minecraft:bread":2,"born_in_chaos_v1:intoxicating_decoction":1,"luminousworld:sunset_petunias":1,"minecraft:birch_planks":3,"minecraft:wheat_seeds":5,"minecraft:oak_log":5,"luminousworld:yellowpetunias":2,"minecraft:glass_bottle":1,"minecraft:feather":7,"born_in_chaos_v1:cultivated_pumpkin":3,"minecraft:book":3,"ecologics:walnut_sapling":1,"minecraft:lantern":6,"minecraft:leather":4,"iceandfire:ectoplasm":3,"minecraft:copper_ingot":1,"minecraft:emerald":1,"minecraft:stick":6,"minecraft:dirt":20,"minecraft:stone_button":11,"iceandfire:copper_nugget":28,"minecraft:torch":6,"tombstone:grave_key":1,"minecraft:mutton":4,"tombstone:grave_dust":3,"minecraft:oak_stairs":2,"minecraft:gold_nugget":8,"minecraft:bone_meal":1,"iceandfire:ash":3,"minecraft:paper":1,"minecraft:bone":4,"iceandfire:silver_nugget":2,"undead_revamp2:huntereye":1,"aether:golden_gloves":2,"minecraft:wheat":1,"minecraft:rotten_flesh":5,"minecraft:oak_planks":1,"born_in_chaos_v1:dark_upgrade":1,"supplementaries:ash":8,"luminousworld:grassflowers":5,"minecraft:peony":15,"minecraft:skeleton_skull":1,"luminousworld:groundpebbles_1":1,"quark:birch_chest":2,"minecraft:stone_brick_wall":1,"ecologics:coconut_husk":4,"iceandfire:pixie_dust":2,"minecraft:oak_sapling":1,"iceandfire:bestiary":2,"minecraft:redstone_torch":2,"born_in_chaos_v1:marigolds":1,"iceandfire:manuscript":10,"minecraft:egg":1},"minecraft:used":{"minecraft:oak_fence":1,"iceandfire:silver_sword":104,"minecraft:ladder":1,"born_in_chaos_v1:intoxicating_decoction":1,"minecraft:iron_sword":26,"earthmobsmod:fancy_egg":6,"minecraft:dirt":28,"ecologics:seashell":2,"minecraft:golden_chestplate":1,"minecraft:iron_helmet":1,"minecraft:iron_boots":1,"born_in_chaos_v1:gnawed_bones":1,"minecraft:stone_bricks":1,"minecraft:golden_sword":35,"minecraft:oak_sapling":1,"tombstone:gift":5,"minecraft:skeleton_skull":1,"minecraft:egg":4,"ecologics:coconut_seedling":1,"minecraft:cooked_beef":3,"minecraft:golden_axe":34,"tombstone:scroll_of_knowledge":2,"minecraft:damaged_anvil":1,"minecraft:birch_planks":1,"minecraft:oak_planks":58,"minecraft:white_wool":1,"minecraft:tnt":1,"minecraft:crafting_table":4,"minecraft:white_bed":6,"minecraft:black_bed":1,"minecraft:apple":12,"minecraft:stone_button":2,"minecraft:chicken":1,"minecraft:iron_pickaxe":29,"minecraft:bread":39,"tombstone:grave_key":9,"ecologics:coconut_slice":4,"minecraft:stone_axe":27,"minecraft:wooden_sword":1,"minecraft:cooked_porkchop":1,"minecraft:yellow_bed":1,"minecraft:golden_pickaxe":32,"minecraft:bone_meal":1,"minecraft:experience_bottle":5},"minecraft:killed_by":{"minecraft:husk":1,"iceandfire:cyclops":1,"undead_revamp2:clogger":1,"iceandfire:gorgon":1,"alexsmobs:crocodile":1,"iceandfire:ice_dragon":13,"mutantmonsters:mutant_skeleton":1,"minecraft:skeleton":1,"iceandfire:ghost":4,"iceandfire:fire_dragon":1},"minecraft:killed":{"undead_revamp2:thehunter":1,"born_in_chaos_v1:zombie_clown_not_despawn":1,"alexsmobs:raccoon":2,"minecraft:spider":1,"undead_revamp2:bomber":1,"born_in_chaos_v1:maggot":1,"minecraft:skeleton":2,"minecraft:chicken":3,"minecraft:drowned":1,"earthmobsmod:albino_cow":1,"iceandfire:hippocampus":1,"minecraft:husk":1,"enemyexpansion:sprinter":1,"minecraft:sheep":3,"minecraft:zombie":2,"enemyexpansion:huntsman":1,"minecraft:cow":4},"minecraft:picked_up":{"minecraft:charcoal":11,"luminousworld:groundpebbles_1":6,"minecraft:wheat":1,"minecraft:chicken":3,"minecraft:ladder":1,"minecraft:leather_leggings":1,"ecologics:seashell":2,"earthmobsmod:fancy_egg":6,"minecraft:oak_stairs":1,"minecraft:stone_brick_wall":2,"iceandfire:manuscript":10,"minecraft:oak_trapdoor":1,"born_in_chaos_v1:intoxicating_decoction":2,"minecraft:cyan_carpet":3,"ecologics:walnut_sapling":1,"minecraft:gold_nugget":718,"minecraft:beef":11,"minecraft:rose_bush":3,"minecraft:redstone_torch":4,"born_in_chaos_v1:gnawed_bones":1,"minecraft:calcite":1,"minecraft:furnace":1,"minecraft:egg":5,"minecraft:stick":1,"ecologics:coconut_slice":4,"minecraft:oak_fence":1,"minecraft:torch":12,"ecologics:coconut_seedling":1,"minecraft:stone_button":10,"tombstone:grave_dust":1,"aether:golden_gloves":2,"luminousworld:yellow_grassflowers":1,"minecraft:tnt":1,"luminousworld:grassflowers":5,"minecraft:rotten_flesh":7,"artifacts:villager_hat":1,"minecraft:peony":15,"minecraft:hay_block":12,"supplementaries:ash":2,"minecraft:mutton":4,"minecraft:skeleton_skull":1,"minecraft:white_wool":5,"minecraft:birch_log":5,"born_in_chaos_v1:corpse_maggot":2,"ecologics:walnut":1,"minecraft:feather":5,"minecraft:dark_oak_button":1,"minecraft:black_bed":1,"ecologics:coconut_planks":5,"minecraft:leather":6,"minecraft:potato":4,"minecraft:oak_log":56,"luminousworld:purple_petunias":1,"undead_revamp2:huntereye":1,"iceandfire:ectoplasm":1,"minecraft:yellow_bed":1,"minecraft:dirt":49,"minecraft:lantern":7,"born_in_chaos_v1:marigolds":1,"minecraft:bone":6,"minecraft:stone_bricks":5,"minecraft:gray_carpet":1,"minecraft:wheat_seeds":14,"minecraft:glass_bottle":1,"minecraft:oak_planks":15,"minecraft:honeycomb":1,"minecraft:book":6,"iceandfire:copper_nugget":28,"minecraft:cooked_porkchop":2,"minecraft:sand":2,"iceandfire:ash":4,"luminousworld:sunset_petunias":2,"iceandfire:shiny_scales":4,"ecologics:coconut_husk":2,"minecraft:white_bed":6,"minecraft:stone_axe":1,"luminousworld:yellowpetunias":2,"minecraft:bone_meal":2,"minecraft:bread":2,"minecraft:damaged_anvil":2,"minecraft:light_gray_carpet":1,"iceandfire:silver_nugget":22},"minecraft:broken":{"minecraft:golden_leggings":1,"minecraft:golden_sword":1,"minecraft:golden_axe":1,"minecraft:golden_pickaxe":1,"minecraft:golden_chestplate":1},"minecraft:custom":{"minecraft:interact_with_anvil":2,"minecraft:mob_kills":28,"minecraft:interact_with_crafting_table":15,"minecraft:open_barrel":7,"minecraft:damage_dealt_resisted":3,"minecraft:eat_cake_slice":4,"minecraft:leave_game":4,"minecraft:time_since_death":67,"minecraft:climb_one_cm":5479,"minecraft:sprint_one_cm":1004246,"minecraft:walk_one_cm":461023,"minecraft:drop":82,"minecraft:talked_to_villager":6,"minecraft:play_time":171212,"minecraft:sneak_time":1114,"minecraft:deaths":31,"minecraft:walk_under_water_one_cm":32046,"minecraft:interact_with_brewingstand":2,"minecraft:jump":4169,"minecraft:walk_on_water_one_cm":83124,"minecraft:total_world_time":171212,"minecraft:interact_with_furnace":10,"minecraft:traded_with_villager":1,"minecraft:sleep_in_bed":10,"minecraft:time_since_rest":28,"minecraft:damage_taken":2147483647,"minecraft:trigger_trapped_chest":1,"minecraft:damage_dealt":6548,"minecraft:swim_one_cm":67175,"minecraft:fly_one_cm":911383,"minecraft:open_chest":43,"minecraft:crouch_one_cm":1019,"tombstone:undead_killed":11,"minecraft:fall_one_cm":86657,"minecraft:horse_one_cm":30721},"minecraft:mined":{"luminousworld:white_petunias":1,"luminousworld:groundpebbles_1":1,"minecraft:white_bed":4,"luminousworld:grassvariant_4":1,"iceandfire:copper_pile":4,"minecraft:ladder":1,"minecraft:grass_block":23,"luminousworld:grassvariant_2":2,"born_in_chaos_v1:gnawed_bones":1,"minecraft:spawner":1,"minecraft:hay_block":12,"minecraft:furnace":1,"minecraft:dirt_path":1,"iceandfire:gold_pile":82,"minecraft:white_wool":1,"minecraft:redstone_wall_torch":1,"born_in_chaos_v1:marigolds":1,"minecraft:oak_fence":1,"minecraft:calcite":1,"minecraft:rose_bush":3,"luminousworld:grassflowers":2,"minecraft:tall_grass":4,"minecraft:oak_planks":14,"minecraft:damaged_anvil":2,"minecraft:sculk":1,"minecraft:seagrass":1,"ecologics:seashell":2,"minecraft:birch_log":5,"minecraft:wheat":3,"born_in_chaos_v1:river_mint":1,"minecraft:black_bed":1,"iceandfire:ash":2,"minecraft:tnt":1,"minecraft:yellow_bed":1,"minecraft:grass":16,"minecraft:oak_log":43,"iceandfire:silver_pile":6,"minecraft:dark_oak_button":1,"minecraft:cyan_carpet":3,"minecraft:dirt":16,"minecraft:gray_carpet":1,"luminousworld:grassvariant_3":3,"born_in_chaos_v1:infernal_evil_pumpkin_s":1}},"DataVersion":3465}