{"stats":{"minecraft:used":{"minecraft:bread":2,"minecraft:iron_pickaxe":13,"minecraft:stone_bricks":1,"minecraft:tnt":1,"minecraft:black_bed":1},"minecraft:dropped":{"minecraft:bread":2,"luminousworld:grassflowers":1},"minecraft:killed_by":{"iceandfire:ghost":3},"minecraft:killed":{"minecraft:zombie":1,"minecraft:chicken":1,"undead_revamp2:bomber":1},"minecraft:picked_up":{"minecraft:dark_oak_button":1,"minecraft:chicken":1,"minecraft:black_bed":1,"tombstone:grave_dust":1,"minecraft:tnt":1,"luminousworld:grassflowers":1,"minecraft:cyan_carpet":3,"minecraft:stone_bricks":1,"minecraft:rose_bush":3,"minecraft:glass_bottle":1,"minecraft:bread":2,"minecraft:damaged_anvil":1},"minecraft:custom":{"minecraft:time_since_rest":2593,"minecraft:interact_with_furnace":2,"minecraft:sprint_one_cm":58697,"minecraft:damage_taken":1256,"minecraft:walk_one_cm":36877,"minecraft:trigger_trapped_chest":1,"minecraft:mob_kills":4,"minecraft:interact_with_anvil":1,"minecraft:drop":3,"minecraft:damage_dealt":1169,"minecraft:swim_one_cm":1679,"minecraft:fly_one_cm":34888,"minecraft:open_chest":9,"minecraft:crouch_one_cm":366,"minecraft:play_time":12869,"tombstone:undead_killed":2,"minecraft:deaths":4,"minecraft:sneak_time":234,"minecraft:walk_under_water_one_cm":7002,"minecraft:jump":189,"minecraft:leave_game":1,"minecraft:walk_on_water_one_cm":8700,"minecraft:time_since_death":2829,"minecraft:climb_one_cm":3034,"minecraft:total_world_time":12869,"minecraft:fall_one_cm":5859},"minecraft:mined":{"luminousworld:white_petunias":1,"minecraft:seagrass":1,"minecraft:black_bed":1,"minecraft:tnt":1,"minecraft:grass":5,"minecraft:dark_oak_button":1,"minecraft:rose_bush":3,"minecraft:cyan_carpet":3,"luminousworld:grassvariant_2":2,"luminousworld:grassflowers":1,"minecraft:tall_grass":3,"minecraft:damaged_anvil":1}},"DataVersion":3465}