{"stats":{"minecraft:used":{"minecraft:ladder":1,"born_in_chaos_v1:intoxicating_decoction":1,"minecraft:shield":7,"minecraft:iron_sword":26,"earthmobsmod:fancy_egg":6,"minecraft:iron_chestplate":3,"minecraft:obsidian":2,"minecraft:iron_helmet":1,"minecraft:dark_oak_slab":1,"born_in_chaos_v1:gnawed_bones":1,"minecraft:stone_bricks":1,"minecraft:golden_sword":35,"minecraft:oak_sapling":1,"minecraft:skeleton_skull":1,"minecraft:egg":4,"minecraft:damaged_anvil":1,"minecraft:oak_planks":58,"minecraft:white_wool":1,"minecraft:black_bed":1,"earthmobsmod:duck_egg":1,"minecraft:bread":52,"minecraft:stone_button":3,"tombstone:grave_key":12,"ecologics:coconut_slice":6,"minecraft:wooden_sword":1,"minecraft:waxed_cut_copper_stairs":1,"minecraft:bone_meal":1,"minecraft:golden_pickaxe":40,"minecraft:experience_bottle":5,"minecraft:oak_fence":1,"iceandfire:silver_sword":306,"minecraft:dirt":36,"ecologics:seashell":2,"minecraft:golden_chestplate":3,"minecraft:iron_boots":1,"tombstone:gift":5,"ecologics:coconut_seedling":1,"minecraft:cooked_beef":3,"minecraft:golden_axe":34,"tombstone:scroll_of_knowledge":2,"minecraft:birch_planks":1,"minecraft:tnt":1,"minecraft:crafting_table":7,"minecraft:white_bed":7,"minecraft:apple":12,"minecraft:chicken":1,"minecraft:iron_pickaxe":29,"minecraft:golden_leggings":1,"minecraft:stone_axe":27,"minecraft:potion":2,"minecraft:cooked_porkchop":2,"minecraft:yellow_bed":1,"minecraft:pumpkin_pie":9},"minecraft:broken":{"minecraft:golden_helmet":1,"minecraft:golden_leggings":2,"minecraft:golden_sword":1,"minecraft:golden_chestplate":1,"minecraft:golden_axe":1,"undead_revamp2:acidsack":1,"minecraft:golden_pickaxe":1},"minecraft:dropped":{"minecraft:birch_planks":3,"luminousworld:yellowpetunias":3,"minecraft:oak_log":5,"minecraft:glass_bottle":4,"born_in_chaos_v1:cultivated_pumpkin":3,"ecologics:walnut_sapling":1,"minecraft:lantern":7,"minecraft:leather":8,"iceandfire:ectoplasm":3,"minecraft:leather_helmet":3,"minecraft:emerald":1,"minecraft:dirt":27,"minecraft:stone_button":11,"minecraft:mutton":14,"minecraft:gold_nugget":8,"minecraft:wooden_sword":2,"minecraft:bone_meal":1,"iceandfire:ash":3,"minecraft:sand":2,"minecraft:white_wool":2,"minecraft:bone":4,"minecraft:armor_stand":5,"undead_revamp2:huntereye":1,"minecraft:golden_chestplate":2,"aether:golden_gloves":2,"minecraft:wheat":1,"minecraft:rotten_flesh":9,"minecraft:oak_planks":1,"born_in_chaos_v1:dark_upgrade":1,"iceandfire:shiny_scales":8,"minecraft:leather_chestplate":5,"supplementaries:ash":8,"luminousworld:grassflowers":5,"minecraft:skeleton_skull":1,"minecraft:stone_brick_wall":1,"ecologics:coconut_husk":6,"iceandfire:pixie_dust":2,"iceandfire:bestiary":2,"minecraft:chainmail_boots":2,"minecraft:leather_leggings":5,"minecraft:beef":6,"born_in_chaos_v1:marigolds":1,"iceandfire:manuscript":10,"minecraft:egg":1,"minecraft:bread":2,"born_in_chaos_v1:intoxicating_decoction":1,"luminousworld:sunset_petunias":1,"minecraft:wheat_seeds":17,"minecraft:feather":7,"minecraft:iron_helmet":2,"minecraft:cobblestone":4,"minecraft:book":5,"minecraft:apple":2,"minecraft:copper_ingot":1,"minecraft:stick":6,"iceandfire:copper_nugget":28,"minecraft:torch":7,"tombstone:grave_key":1,"tombstone:grave_dust":3,"minecraft:oak_stairs":2,"minecraft:paper":1,"iceandfire:silver_nugget":2,"minecraft:oak_trapdoor":1,"minecraft:iron_boots":1,"luminousworld:yellow_grassflowers":2,"minecraft:peony":15,"minecraft:iron_chestplate":1,"luminousworld:groundpebbles_1":7,"quark:birch_chest":2,"minecraft:golden_leggings":1,"minecraft:oak_sapling":1,"minecraft:redstone_torch":2,"minecraft:diamond_boots":1,"luminousworld:purple_petunias":1,"minecraft:black_wool":1},"minecraft:custom":{"minecraft:interact_with_crafting_table":23,"minecraft:open_barrel":26,"minecraft:eat_cake_slice":4,"minecraft:leave_game":4,"minecraft:time_since_death":682,"minecraft:damage_resisted":95,"minecraft:sprint_one_cm":1183411,"minecraft:damage_blocked_by_shield":295,"minecraft:drop":147,"minecraft:talked_to_villager":6,"minecraft:play_time":229472,"minecraft:deaths":45,"minecraft:jump":5256,"minecraft:interact_with_brewingstand":2,"minecraft:walk_on_water_one_cm":118531,"minecraft:interact_with_furnace":12,"minecraft:traded_with_villager":1,"minecraft:sleep_in_bed":10,"minecraft:damage_dealt":14920,"minecraft:crouch_one_cm":1044,"tombstone:undead_killed":22,"minecraft:horse_one_cm":30721,"minecraft:mob_kills":54,"minecraft:interact_with_anvil":2,"minecraft:damage_dealt_resisted":3,"minecraft:climb_one_cm":7630,"minecraft:walk_one_cm":613004,"minecraft:sneak_time":1405,"minecraft:walk_under_water_one_cm":95324,"minecraft:total_world_time":229472,"minecraft:tune_noteblock":1,"minecraft:time_since_rest":1,"minecraft:damage_taken":2147483647,"minecraft:damage_absorbed":36,"minecraft:trigger_trapped_chest":1,"minecraft:swim_one_cm":133224,"minecraft:fly_one_cm":1111624,"minecraft:open_chest":48,"minecraft:fall_one_cm":110434},"minecraft:picked_up":{"minecraft:iron_chestplate":1,"minecraft:wheat":1,"minecraft:chainmail_boots":2,"minecraft:lead":1,"earthmobsmod:fancy_egg":6,"minecraft:oak_stairs":1,"iceandfire:manuscript":10,"mutantmonsters:mutant_skeleton_skull":1,"minecraft:armor_stand":5,"minecraft:gold_nugget":718,"earthmobsmod:duck_egg":1,"minecraft:redstone_torch":4,"minecraft:rose_bush":3,"minecraft:calcite":1,"minecraft:furnace":1,"minecraft:stick":1,"minecraft:oak_fence":1,"minecraft:torch":12,"ecologics:coconut_seedling":1,"tombstone:grave_dust":1,"aether:golden_gloves":2,"mutantmonsters:mutant_skeleton_pelvis":1,"minecraft:waxed_cut_copper_stairs":1,"luminousworld:grassflowers":6,"minecraft:rotten_flesh":13,"luminousworld:yellow_grassflowers":2,"artifacts:villager_hat":1,"supplementaries:ash":2,"mutantmonsters:mutant_skeleton_shoulder_pad":2,"undead_revamp2:arapholia":1,"minecraft:cod":10,"alexsmobs:flying_fish":3,"minecraft:birch_log":5,"ecologics:walnut":1,"minecraft:leather_chestplate":5,"minecraft:feather":5,"ecologics:coconut_planks":5,"minecraft:black_bed":1,"minecraft:potato":4,"luminousworld:purple_petunias":1,"undead_revamp2:huntereye":1,"minecraft:dirt":71,"minecraft:lantern":7,"born_in_chaos_v1:marigolds":1,"minecraft:bone":17,"minecraft:bow":1,"minecraft:wheat_seeds":17,"minecraft:diamond_helmet":1,"minecraft:honeycomb":1,"minecraft:oak_planks":15,"minecraft:cooked_porkchop":2,"ecologics:coconut_husk":2,"minecraft:sand":2,"iceandfire:shiny_scales":8,"undead_revamp2:acidsack":1,"minecraft:bundle":1,"cataclysm:lionfish":1,"luminousworld:yellowpetunias":3,"minecraft:bone_meal":2,"minecraft:golden_apple":1,"minecraft:bread":2,"minecraft:light_gray_carpet":1,"iceandfire:silver_nugget":22,"luminousworld:groundpebbles_1":7,"minecraft:charcoal":11,"minecraft:chicken":3,"minecraft:ladder":1,"minecraft:leather_leggings":7,"ecologics:seashell":2,"minecraft:stone_brick_wall":2,"minecraft:oak_trapdoor":1,"born_in_chaos_v1:intoxicating_decoction":2,"minecraft:cyan_carpet":3,"ecologics:walnut_sapling":1,"minecraft:beef":19,"born_in_chaos_v1:gnawed_bones":1,"minecraft:egg":5,"minecraft:oak_door":1,"ecologics:coconut_slice":6,"minecraft:stone_button":11,"minecraft:tnt":1,"minecraft:arrow":4,"minecraft:peony":15,"minecraft:diamond_boots":3,"minecraft:hay_block":12,"mutantmonsters:mutant_skeleton_rib":6,"minecraft:mutton":14,"minecraft:skeleton_skull":1,"minecraft:white_wool":5,"born_in_chaos_v1:corpse_maggot":2,"minecraft:dark_oak_button":1,"minecraft:leather":9,"minecraft:oak_log":56,"iceandfire:ectoplasm":1,"minecraft:yellow_bed":1,"mutantmonsters:mutant_skeleton_limb":8,"minecraft:gray_carpet":1,"minecraft:stone_bricks":5,"minecraft:kelp":2,"minecraft:glass_bottle":3,"minecraft:book":6,"iceandfire:copper_nugget":28,"minecraft:dark_oak_slab":1,"iceandfire:ash":4,"luminousworld:sunset_petunias":2,"minecraft:white_bed":7,"minecraft:leather_helmet":3,"minecraft:stone_axe":1,"minecraft:damaged_anvil":2},"minecraft:mined":{"luminousworld:white_petunias":1,"minecraft:white_bed":5,"iceandfire:copper_pile":4,"minecraft:grass_block":29,"minecraft:spawner":7,"minecraft:fire":1,"iceandfire:gold_pile":82,"minecraft:dirt_path":4,"minecraft:waxed_cut_copper_stairs":1,"minecraft:kelp_plant":2,"minecraft:calcite":1,"minecraft:oak_planks":14,"minecraft:damaged_anvil":2,"minecraft:seagrass":1,"minecraft:dark_oak_slab":1,"ecologics:seashell":2,"minecraft:birch_log":5,"minecraft:wheat":3,"minecraft:tnt":1,"born_in_chaos_v1:river_mint":1,"minecraft:black_bed":1,"minecraft:grass":20,"minecraft:oak_log":43,"minecraft:dirt":29,"luminousworld:grassvariant_3":3,"born_in_chaos_v1:infernal_evil_pumpkin_s":1,"luminousworld:groundpebbles_1":1,"luminousworld:grassvariant_4":1,"minecraft:oak_door":1,"minecraft:ladder":1,"minecraft:stone_button":1,"luminousworld:grassvariant_2":2,"minecraft:kelp":1,"born_in_chaos_v1:gnawed_bones":1,"minecraft:hay_block":12,"minecraft:furnace":1,"minecraft:white_wool":1,"minecraft:redstone_wall_torch":1,"born_in_chaos_v1:marigolds":1,"minecraft:oak_fence":1,"minecraft:rose_bush":3,"luminousworld:grassflowers":2,"minecraft:tall_grass":7,"minecraft:sculk":1,"minecraft:ice":8,"iceandfire:ash":2,"minecraft:yellow_bed":1,"iceandfire:silver_pile":6,"minecraft:dark_oak_button":1,"minecraft:cyan_carpet":3,"minecraft:gray_carpet":1},"minecraft:killed":{"minecraft:spider":1,"minecraft:skeleton":9,"minecraft:chicken":3,"ecologics:coconut_crab":1,"undead_revamp2:thespitter":1,"mutantmonsters:mutant_skeleton":1,"minecraft:sheep":3,"minecraft:zombie":2,"minecraft:cow":4,"undead_revamp2:thehunter":1,"born_in_chaos_v1:zombie_clown_not_despawn":1,"alexsmobs:raccoon":2,"luminousworld:sunken_skeleton":1,"undead_revamp2:bomber":1,"born_in_chaos_v1:maggot":1,"minecraft:drowned":1,"cataclysm:lionfish":1,"undead_revamp2:sucker":1,"earthmobsmod:albino_cow":3,"iceandfire:hippocampus":1,"cataclysm:deepling_angler":1,"minecraft:husk":2,"enemyexpansion:sprinter":1,"minecraft:frog":1,"born_in_chaos_v1:bloody_gadfly":1,"enemyexpansion:huntsman":1},"minecraft:killed_by":{"iceandfire:cyclops":1,"undead_revamp2:clogger":1,"alexsmobs:crocodile":1,"iceandfire:ice_dragon":23,"iceandfire:fire_dragon":1,"minecraft:husk":2,"iceandfire:gorgon":1,"mutantmonsters:mutant_skeleton":2,"minecraft:skeleton":1,"iceandfire:ghost":4},"minecraft:crafted":{"mutantmonsters:mutant_skeleton_leggings":1,"minecraft:oak_planks":84,"quark:birch_chest":2,"mutantmonsters:mutant_skeleton_arms":1,"minecraft:iron_boots":1,"mutantmonsters:mutant_skeleton_boots":1,"mutantmonsters:mutant_skeleton_rib_cage":1,"iceandfire:manuscript":4,"minecraft:golden_boots":1,"minecraft:crafting_table":7,"minecraft:iron_helmet":1,"minecraft:golden_pickaxe":1,"minecraft:gold_block":9,"minecraft:birch_planks":24,"minecraft:charcoal":15,"minecraft:iron_chestplate":1,"minecraft:golden_leggings":2,"minecraft:shield":1,"minecraft:stick":12,"minecraft:gold_ingot":158,"iceandfire:silver_sword":1,"minecraft:wooden_sword":2,"minecraft:golden_chestplate":3,"mutantmonsters:mutant_skeleton_chestplate":1,"minecraft:golden_helmet":1,"minecraft:wheat":108,"minecraft:cooked_beef":3,"iceandfire:silver_ingot":2,"minecraft:iron_sword":1,"minecraft:bread":36,"minecraft:air":0,"minecraft:iron_leggings":1,"minecraft:white_bed":1}},"DataVersion":3465}