{"stats":{"minecraft:crafted":{"minecraft:cooked_beef":3,"minecraft:iron_helmet":1,"minecraft:iron_sword":1,"minecraft:air":0,"minecraft:iron_boots":1,"minecraft:iron_chestplate":1,"minecraft:iron_leggings":1,"minecraft:white_bed":1},"minecraft:used":{"minecraft:damaged_anvil":1,"minecraft:iron_sword":26,"minecraft:white_wool":1,"minecraft:tnt":1,"ecologics:seashell":2,"minecraft:white_bed":1,"minecraft:black_bed":1,"minecraft:chicken":1,"minecraft:bread":4,"minecraft:iron_pickaxe":29,"minecraft:stone_bricks":1,"tombstone:gift":3,"minecraft:skeleton_skull":1,"minecraft:egg":3,"minecraft:cooked_beef":3,"minecraft:experience_bottle":5},"minecraft:dropped":{"minecraft:bread":2,"undead_revamp2:huntereye":1,"minecraft:rotten_flesh":2,"iceandfire:ectoplasm":3,"minecraft:emerald":1,"supplementaries:ash":1,"luminousworld:grassflowers":1,"minecraft:skeleton_skull":1,"luminousworld:groundpebbles_1":1,"tombstone:grave_dust":3,"iceandfire:manuscript":10,"minecraft:bone":2},"minecraft:killed_by":{"minecraft:husk":1,"iceandfire:gorgon":1,"alexsmobs:crocodile":1,"minecraft:skeleton":1,"iceandfire:ghost":4},"minecraft:killed":{"minecraft:husk":1,"undead_revamp2:thehunter":1,"undead_revamp2:bomber":1,"born_in_chaos_v1:maggot":1,"minecraft:skeleton":2,"minecraft:zombie":2,"minecraft:chicken":1,"minecraft:drowned":1},"minecraft:picked_up":{"born_in_chaos_v1:corpse_maggot":2,"luminousworld:groundpebbles_1":1,"minecraft:charcoal":11,"minecraft:dark_oak_button":1,"minecraft:chicken":1,"minecraft:leather_leggings":1,"ecologics:coconut_planks":5,"minecraft:black_bed":1,"minecraft:leather":1,"ecologics:seashell":2,"undead_revamp2:huntereye":1,"iceandfire:ectoplasm":1,"iceandfire:manuscript":10,"minecraft:dirt":1,"minecraft:bone":4,"minecraft:cyan_carpet":3,"minecraft:gray_carpet":1,"minecraft:stone_bricks":1,"minecraft:rose_bush":3,"minecraft:calcite":1,"minecraft:glass_bottle":1,"minecraft:egg":3,"minecraft:furnace":1,"minecraft:torch":5,"luminousworld:sunset_petunias":1,"tombstone:grave_dust":1,"minecraft:tnt":1,"luminousworld:grassflowers":1,"minecraft:rotten_flesh":4,"minecraft:bread":2,"supplementaries:ash":1,"minecraft:damaged_anvil":2,"minecraft:skeleton_skull":1,"minecraft:white_wool":3},"minecraft:custom":{"minecraft:interact_with_furnace":7,"minecraft:interact_with_anvil":2,"minecraft:mob_kills":11,"minecraft:interact_with_crafting_table":5,"minecraft:open_barrel":4,"minecraft:eat_cake_slice":3,"minecraft:leave_game":2,"minecraft:time_since_death":4131,"minecraft:sleep_in_bed":3,"minecraft:climb_one_cm":3034,"minecraft:time_since_rest":1732,"minecraft:damage_taken":2147483647,"minecraft:sprint_one_cm":264585,"minecraft:walk_one_cm":117294,"minecraft:trigger_trapped_chest":1,"minecraft:drop":19,"minecraft:damage_dealt":2549,"minecraft:swim_one_cm":11662,"minecraft:talked_to_villager":3,"minecraft:fly_one_cm":296692,"minecraft:open_chest":10,"minecraft:crouch_one_cm":809,"minecraft:play_time":49779,"minecraft:sneak_time":529,"tombstone:undead_killed":8,"minecraft:deaths":13,"minecraft:walk_under_water_one_cm":9557,"minecraft:jump":1135,"minecraft:walk_on_water_one_cm":20951,"minecraft:total_world_time":49779,"minecraft:fall_one_cm":20725},"minecraft:mined":{"luminousworld:white_petunias":1,"luminousworld:groundpebbles_1":1,"minecraft:white_bed":1,"minecraft:calcite":1,"minecraft:rose_bush":3,"luminousworld:grassvariant_2":2,"luminousworld:grassflowers":1,"minecraft:tall_grass":3,"minecraft:damaged_anvil":2,"minecraft:spawner":1,"minecraft:seagrass":1,"minecraft:furnace":1,"ecologics:seashell":2,"minecraft:tnt":1,"minecraft:black_bed":1,"minecraft:grass":6,"minecraft:dark_oak_button":1,"minecraft:cyan_carpet":3,"minecraft:dirt":1,"minecraft:gray_carpet":1,"luminousworld:grassvariant_3":1,"minecraft:white_wool":1}},"DataVersion":3465}